transport_infrastructure,country,nuts_2,year,value,unit
motorways,AT,AT11,2007,61,KM
motorways,AT,AT12,2007,328,KM
motorways,AT,AT13,2007,43,KM
motorways,AT,AT21,2007,243,KM
motorways,AT,AT22,2007,308,KM
motorways,AT,AT31,2007,299,KM
motorways,AT,AT32,2007,144,KM
motorways,AT,AT33,2007,189,KM
motorways,AT,AT34,2007,63,KM
motorways,BE,BE10,2007,11,KM
motorways,BE,BE21,2007,220,KM
motorways,BE,BE22,2007,106,KM
motorways,BE,BE23,2007,196,KM
motorways,BE,BE24,2007,175,KM
motorways,BE,BE25,2007,187,KM
motorways,BE,BE31,2007,63,KM
motorways,BE,BE32,2007,284,KM
motorways,BE,BE33,2007,266,KM
motorways,BE,BE34,2007,154,KM
motorways,BE,BE35,2007,103,KM
motorways,BG,BG31,2007,7,KM
motorways,BG,BG32,2007,0,KM
motorways,BG,BG33,2007,84,KM
motorways,BG,BG34,2007,87,KM
motorways,BG,BG41,2007,118,KM
motorways,BG,BG42,2007,122,KM
motorways,CH,CH01,2007,280,KM
motorways,CH,CH02,2007,319,KM
motorways,CH,CH03,2007,139,KM
motorways,CH,CH04,2007,112,KM
motorways,CH,CH05,2007,243,KM
motorways,CH,CH06,2007,181,KM
motorways,CH,CH07,2007,109,KM
motorways,CY,CY00,2007,257,KM
motorways,CZ,CZ01,2007,11,KM
motorways,CZ,CZ02,2007,195,KM
motorways,CZ,CZ03,2007,125,KM
motorways,CZ,CZ04,2007,52,KM
motorways,CZ,CZ05,2007,24,KM
motorways,CZ,CZ06,2007,228,KM
motorways,CZ,CZ07,2007,8,KM
motorways,CZ,CZ08,2007,15,KM
motorways,DE,DE11,2007,,KM
motorways,DE,DE12,2007,,KM
motorways,DE,DE13,2007,,KM
motorways,DE,DE14,2007,,KM
motorways,DE,DE21,2007,,KM
motorways,DE,DE22,2007,,KM
motorways,DE,DE23,2007,,KM
motorways,DE,DE24,2007,,KM
motorways,DE,DE25,2007,,KM
motorways,DE,DE26,2007,,KM
motorways,DE,DE27,2007,,KM
motorways,DE,DE30,2007,73,KM
motorways,DE,DE40,2007,790,KM
motorways,DE,DE50,2007,71,KM
motorways,DE,DE60,2007,81,KM
motorways,DE,DE71,2007,,KM
motorways,DE,DE72,2007,,KM
motorways,DE,DE73,2007,,KM
motorways,DE,DE80,2007,538,KM
motorways,DE,DE91,2007,,KM
motorways,DE,DE92,2007,,KM
motorways,DE,DE93,2007,,KM
motorways,DE,DE94,2007,,KM
motorways,DE,DEA1,2007,,KM
motorways,DE,DEA2,2007,,KM
motorways,DE,DEA3,2007,,KM
motorways,DE,DEA4,2007,,KM
motorways,DE,DEA5,2007,,KM
motorways,DE,DEB1,2007,,KM
motorways,DE,DEB2,2007,,KM
motorways,DE,DEB3,2007,,KM
motorways,DE,DEC0,2007,240,KM
motorways,DE,DED2,2007,216,KM
motorways,DE,DED4,2007,203,KM
motorways,DE,DED5,2007,111,KM
motorways,DE,DEE0,2007,383,KM
motorways,DE,DEF0,2007,498,KM
motorways,DE,DEG0,2007,465,KM
motorways,DK,DK01,2007,157,KM
motorways,DK,DK02,2007,260,KM
motorways,DK,DK03,2007,321,KM
motorways,DK,DK04,2007,186,KM
motorways,DK,DK05,2007,187,KM
motorways,EE,EE00,2007,96,KM
motorways,ES,ES11,2007,812,KM
motorways,ES,ES12,2007,372,KM
motorways,ES,ES13,2007,205,KM
motorways,ES,ES21,2007,489,KM
motorways,ES,ES22,2007,322,KM
motorways,ES,ES23,2007,154,KM
motorways,ES,ES24,2007,604,KM
motorways,ES,ES30,2007,747,KM
motorways,ES,ES41,2007,1797,KM
motorways,ES,ES42,2007,1487,KM
motorways,ES,ES43,2007,593,KM
motorways,ES,ES51,2007,1281,KM
motorways,ES,ES52,2007,1137,KM
motorways,ES,ES53,2007,94,KM
motorways,ES,ES61,2007,2252,KM
motorways,ES,ES62,2007,450,KM
motorways,ES,ES63,2007,0,KM
motorways,ES,ES64,2007,0,KM
motorways,ES,ES70,2007,217,KM
motorways,FI,FI19,2007,102,KM
motorways,FI,FI1B,2007,258,KM
motorways,FI,FI1C,2007,244,KM
motorways,FI,FI1D,2007,95,KM
motorways,FI,FI20,2007,0,KM
motorways,FR,FR10,2007,607,KM
motorways,FR,FRB0,2007,884,KM
motorways,FR,FRC1,2007,686,KM
motorways,FR,FRC2,2007,218,KM
motorways,FR,FRD1,2007,240,KM
motorways,FR,FRD2,2007,428,KM
motorways,FR,FRE1,2007,597,KM
motorways,FR,FRE2,2007,550,KM
motorways,FR,FRF1,2007,301,KM
motorways,FR,FRF2,2007,503,KM
motorways,FR,FRF3,2007,465,KM
motorways,FR,FRG0,2007,719,KM
motorways,FR,FRH0,2007,50,KM
motorways,FR,FRI1,2007,628,KM
motorways,FR,FRI2,2007,263,KM
motorways,FR,FRI3,2007,300,KM
motorways,FR,FRJ1,2007,531,KM
motorways,FR,FRJ2,2007,654,KM
motorways,FR,FRK1,2007,370,KM
motorways,FR,FRK2,2007,1211,KM
motorways,FR,FRL0,2007,753,KM
motorways,FR,FRM0,2007,0,KM
motorways,FR,FRY1,2007,,KM
motorways,FR,FRY2,2007,0,KM
motorways,FR,FRY3,2007,0,KM
motorways,FR,FRY4,2007,0,KM
motorways,FR,FRY5,2007,,KM
motorways,HR,HR03,2007,562,KM
motorways,HR,HR04,2007,594,KM
motorways,HU,HU11,2007,,KM
motorways,HU,HU12,2007,,KM
motorways,HU,HU21,2007,242,KM
motorways,HU,HU22,2007,136,KM
motorways,HU,HU23,2007,103,KM
motorways,HU,HU31,2007,174,KM
motorways,HU,HU32,2007,132,KM
motorways,HU,HU33,2007,142,KM
motorways,IE,IE04,2007,,KM
motorways,IE,IE05,2007,,KM
motorways,IE,IE06,2007,,KM
motorways,IT,ITC1,2007,817,KM
motorways,IT,ITC2,2007,114,KM
motorways,IT,ITC3,2007,375,KM
motorways,IT,ITC4,2007,576,KM
motorways,IT,ITF1,2007,352,KM
motorways,IT,ITF2,2007,36,KM
motorways,IT,ITF3,2007,442,KM
motorways,IT,ITF4,2007,313,KM
motorways,IT,ITF5,2007,29,KM
motorways,IT,ITF6,2007,295,KM
motorways,IT,ITG1,2007,644,KM
motorways,IT,ITG2,2007,,KM
motorways,IT,ITH1,2007,211,KM
motorways,IT,ITH3,2007,485,KM
motorways,IT,ITH4,2007,210,KM
motorways,IT,ITH5,2007,568,KM
motorways,IT,ITI1,2007,424,KM
motorways,IT,ITI2,2007,59,KM
motorways,IT,ITI3,2007,168,KM
motorways,IT,ITI4,2007,470,KM
motorways,LI,LI00,2007,: z,KM
motorways,LT,LT01,2007,,KM
motorways,LT,LT02,2007,,KM
motorways,LU,LU00,2007,147,KM
motorways,LV,LV00,2007,0,KM
motorways,MT,MT00,2007,: z,KM
motorways,NL,NL11,2007,93,KM
motorways,NL,NL12,2007,186,KM
motorways,NL,NL13,2007,110,KM
motorways,NL,NL21,2007,133,KM
motorways,NL,NL22,2007,391,KM
motorways,NL,NL23,2007,99,KM
motorways,NL,NL31,2007,177,KM
motorways,NL,NL32,2007,283,KM
motorways,NL,NL33,2007,353,KM
motorways,NL,NL34,2007,84,KM
motorways,NL,NL41,2007,491,KM
motorways,NL,NL42,2007,183,KM
motorways,NO,NO01,2007,108,KM
motorways,NO,NO02,2007,0,KM
motorways,NO,NO03,2007,107,KM
motorways,NO,NO04,2007,13,KM
motorways,NO,NO05,2007,11,KM
motorways,NO,NO06,2007,0,KM
motorways,NO,NO07,2007,0,KM
motorways,PL,PL21,2007,60,KM
motorways,PL,PL22,2007,73,KM
motorways,PL,PL41,2007,195,KM
motorways,PL,PL42,2007,22,KM
motorways,PL,PL43,2007,0,KM
motorways,PL,PL51,2007,150,KM
motorways,PL,PL52,2007,88,KM
motorways,PL,PL61,2007,0,KM
motorways,PL,PL62,2007,0,KM
motorways,PL,PL63,2007,0,KM
motorways,PL,PL71,2007,75,KM
motorways,PL,PL72,2007,0,KM
motorways,PL,PL81,2007,0,KM
motorways,PL,PL82,2007,0,KM
motorways,PL,PL84,2007,0,KM
motorways,PT,PT20,2007,0,KM
motorways,PT,PT30,2007,0,KM
motorways,RO,RO11,2007,0,KM
motorways,RO,RO12,2007,0,KM
motorways,RO,RO21,2007,0,KM
motorways,RO,RO22,2007,1,KM
motorways,RO,RO31,2007,229,KM
motorways,RO,RO32,2007,51,KM
motorways,RO,RO41,2007,0,KM
motorways,RO,RO42,2007,0,KM
motorways,SE,SE11,2007,268 b,KM
motorways,SE,SE12,2007,540 b,KM
motorways,SE,SE21,2007,194 b,KM
motorways,SE,SE22,2007,304 b,KM
motorways,SE,SE23,2007,409 b,KM
motorways,SE,SE31,2007,101 b,KM
motorways,SE,SE32,2007,15 b,KM
motorways,SE,SE33,2007,6 b,KM
motorways,SI,SI03,2007,,KM
motorways,SI,SI04,2007,,KM
motorways,SK,SK01,2007,110,KM
motorways,SK,SK02,2007,148,KM
motorways,SK,SK03,2007,69,KM
motorways,SK,SK04,2007,46,KM
motorways,TR,TR10,2007,211,KM
motorways,TR,TR21,2007,185,KM
motorways,TR,TR22,2007,0,KM
motorways,TR,TR31,2007,174,KM
motorways,TR,TR32,2007,88,KM
motorways,TR,TR33,2007,0,KM
motorways,TR,TR41,2007,65,KM
motorways,TR,TR42,2007,281,KM
motorways,TR,TR51,2007,207,KM
motorways,TR,TR52,2007,0,KM
motorways,TR,TR61,2007,0,KM
motorways,TR,TR62,2007,320,KM
motorways,TR,TR63,2007,194,KM
motorways,TR,TR71,2007,0,KM
motorways,TR,TR72,2007,0,KM
motorways,TR,TR81,2007,0,KM
motorways,TR,TR82,2007,0,KM
motorways,TR,TR83,2007,0,KM
motorways,TR,TR90,2007,0,KM
motorways,TR,TRA1,2007,0,KM
motorways,TR,TRA2,2007,0,KM
motorways,TR,TRB1,2007,0,KM
motorways,TR,TRB2,2007,0,KM
motorways,TR,TRC1,2007,158,KM
motorways,TR,TRC2,2007,104,KM
motorways,TR,TRC3,2007,0,KM
motorways,UK,UKN0,2007,114,KM
motorways,AT,AT11,2008,80,KM
motorways,AT,AT12,2008,328,KM
motorways,AT,AT13,2008,43,KM
motorways,AT,AT21,2008,243,KM
motorways,AT,AT22,2008,308,KM
motorways,AT,AT31,2008,299,KM
motorways,AT,AT32,2008,144,KM
motorways,AT,AT33,2008,189,KM
motorways,AT,AT34,2008,63,KM
motorways,BE,BE10,2008,11,KM
motorways,BE,BE21,2008,220,KM
motorways,BE,BE22,2008,106,KM
motorways,BE,BE23,2008,196,KM
motorways,BE,BE24,2008,175,KM
motorways,BE,BE25,2008,187,KM
motorways,BE,BE31,2008,63,KM
motorways,BE,BE32,2008,284,KM
motorways,BE,BE33,2008,266,KM
motorways,BE,BE34,2008,154,KM
motorways,BE,BE35,2008,103,KM
motorways,BG,BG31,2008,7,KM
motorways,BG,BG32,2008,0,KM
motorways,BG,BG33,2008,84,KM
motorways,BG,BG34,2008,87,KM
motorways,BG,BG41,2008,118,KM
motorways,BG,BG42,2008,122,KM
motorways,CH,CH01,2008,280,KM
motorways,CH,CH02,2008,319,KM
motorways,CH,CH03,2008,139,KM
motorways,CH,CH04,2008,112,KM
motorways,CH,CH05,2008,243,KM
motorways,CH,CH06,2008,181,KM
motorways,CH,CH07,2008,109,KM
motorways,CY,CY00,2008,257,KM
motorways,CZ,CZ01,2008,11,KM
motorways,CZ,CZ02,2008,194,KM
motorways,CZ,CZ03,2008,125,KM
motorways,CZ,CZ04,2008,53,KM
motorways,CZ,CZ05,2008,24,KM
motorways,CZ,CZ06,2008,227,KM
motorways,CZ,CZ07,2008,29,KM
motorways,CZ,CZ08,2008,28,KM
motorways,DE,DE11,2008,388,KM
motorways,DE,DE12,2008,266,KM
motorways,DE,DE13,2008,279,KM
motorways,DE,DE14,2008,106,KM
motorways,DE,DE21,2008,600,KM
motorways,DE,DE22,2008,235,KM
motorways,DE,DE23,2008,336,KM
motorways,DE,DE24,2008,349,KM
motorways,DE,DE25,2008,358,KM
motorways,DE,DE26,2008,353,KM
motorways,DE,DE27,2008,259,KM
motorways,DE,DE30,2008,77,KM
motorways,DE,DE40,2008,795,KM
motorways,DE,DE50,2008,75,KM
motorways,DE,DE60,2008,81,KM
motorways,DE,DE71,2008,480,KM
motorways,DE,DE72,2008,199,KM
motorways,DE,DE73,2008,293,KM
motorways,DE,DE80,2008,538,KM
motorways,DE,DE91,2008,274,KM
motorways,DE,DE92,2008,226,KM
motorways,DE,DE93,2008,299,KM
motorways,DE,DE94,2008,547,KM
motorways,DE,DEA1,2008,638,KM
motorways,DE,DEA2,2008,557,KM
motorways,DE,DEA3,2008,356,KM
motorways,DE,DEA4,2008,189,KM
motorways,DE,DEA5,2008,447,KM
motorways,DE,DEB1,2008,257,KM
motorways,DE,DEB2,2008,184,KM
motorways,DE,DEB3,2008,431,KM
motorways,DE,DEC0,2008,240,KM
motorways,DE,DED2,2008,216,KM
motorways,DE,DED4,2008,203,KM
motorways,DE,DED5,2008,111,KM
motorways,DE,DEE0,2008,407,KM
motorways,DE,DEF0,2008,510,KM
motorways,DE,DEG0,2008,482,KM
motorways,DK,DK01,2008,157,KM
motorways,DK,DK02,2008,260,KM
motorways,DK,DK03,2008,328,KM
motorways,DK,DK04,2008,197,KM
motorways,DK,DK05,2008,187,KM
motorways,EE,EE00,2008,104,KM
motorways,ES,ES11,2008,907,KM
motorways,ES,ES12,2008,389,KM
motorways,ES,ES13,2008,214,KM
motorways,ES,ES21,2008,510,KM
motorways,ES,ES22,2008,345,KM
motorways,ES,ES23,2008,159,KM
motorways,ES,ES24,2008,667,KM
motorways,ES,ES30,2008,751,KM
motorways,ES,ES41,2008,1995,KM
motorways,ES,ES42,2008,1553,KM
motorways,ES,ES43,2008,640,KM
motorways,ES,ES51,2008,1168,KM
motorways,ES,ES52,2008,1091,KM
motorways,ES,ES53,2008,94,KM
motorways,ES,ES61,2008,2316,KM
motorways,ES,ES62,2008,498,KM
motorways,ES,ES63,2008,0,KM
motorways,ES,ES64,2008,0,KM
motorways,ES,ES70,2008,217,KM
motorways,FI,FI19,2008,115,KM
motorways,FI,FI1B,2008,257,KM
motorways,FI,FI1C,2008,271,KM
motorways,FI,FI1D,2008,95,KM
motorways,FI,FI20,2008,0,KM
motorways,FR,FR10,2008,605,KM
motorways,FR,FRB0,2008,884,KM
motorways,FR,FRC1,2008,686,KM
motorways,FR,FRC2,2008,218,KM
motorways,FR,FRD1,2008,255,KM
motorways,FR,FRD2,2008,428,KM
motorways,FR,FRE1,2008,627,KM
motorways,FR,FRE2,2008,550,KM
motorways,FR,FRF1,2008,301,KM
motorways,FR,FRF2,2008,503,KM
motorways,FR,FRF3,2008,465,KM
motorways,FR,FRG0,2008,746,KM
motorways,FR,FRH0,2008,50,KM
motorways,FR,FRI1,2008,628,KM
motorways,FR,FRI2,2008,263,KM
motorways,FR,FRI3,2008,300,KM
motorways,FR,FRJ1,2008,536,KM
motorways,FR,FRJ2,2008,652,KM
motorways,FR,FRK1,2008,380,KM
motorways,FR,FRK2,2008,1211,KM
motorways,FR,FRL0,2008,754,KM
motorways,FR,FRM0,2008,0,KM
motorways,FR,FRY1,2008,,KM
motorways,FR,FRY2,2008,0,KM
motorways,FR,FRY3,2008,0,KM
motorways,FR,FRY4,2008,0,KM
motorways,FR,FRY5,2008,,KM
motorways,HR,HR03,2008,603,KM
motorways,HR,HR04,2008,596,KM
motorways,HU,HU11,2008,,KM
motorways,HU,HU12,2008,,KM
motorways,HU,HU21,2008,254,KM
motorways,HU,HU22,2008,167,KM
motorways,HU,HU23,2008,125,KM
motorways,HU,HU31,2008,174,KM
motorways,HU,HU32,2008,132,KM
motorways,HU,HU33,2008,143,KM
motorways,IE,IE04,2008,,KM
motorways,IE,IE05,2008,,KM
motorways,IE,IE06,2008,,KM
motorways,IT,ITC1,2008,817,KM
motorways,IT,ITC2,2008,114,KM
motorways,IT,ITC3,2008,375,KM
motorways,IT,ITC4,2008,587,KM
motorways,IT,ITF1,2008,352,KM
motorways,IT,ITF2,2008,36,KM
motorways,IT,ITF3,2008,442,KM
motorways,IT,ITF4,2008,313,KM
motorways,IT,ITF5,2008,29,KM
motorways,IT,ITF6,2008,295,KM
motorways,IT,ITG1,2008,654,KM
motorways,IT,ITG2,2008,,KM
motorways,IT,ITH1,2008,211,KM
motorways,IT,ITH3,2008,493,KM
motorways,IT,ITH4,2008,210,KM
motorways,IT,ITH5,2008,568,KM
motorways,IT,ITI1,2008,436,KM
motorways,IT,ITI2,2008,59,KM
motorways,IT,ITI3,2008,168,KM
motorways,IT,ITI4,2008,470,KM
motorways,LI,LI00,2008,: z,KM
motorways,LT,LT01,2008,,KM
motorways,LT,LT02,2008,,KM
motorways,LU,LU00,2008,147,KM
motorways,LV,LV00,2008,0,KM
motorways,MT,MT00,2008,: z,KM
motorways,NL,NL11,2008,93,KM
motorways,NL,NL12,2008,186,KM
motorways,NL,NL13,2008,110,KM
motorways,NL,NL21,2008,133,KM
motorways,NL,NL22,2008,391,KM
motorways,NL,NL23,2008,99,KM
motorways,NL,NL31,2008,177,KM
motorways,NL,NL32,2008,283,KM
motorways,NL,NL33,2008,353,KM
motorways,NL,NL34,2008,84,KM
motorways,NL,NL41,2008,491,KM
motorways,NL,NL42,2008,183,KM
motorways,NO,NO01,2008,112,KM
motorways,NO,NO02,2008,0,KM
motorways,NO,NO03,2008,110,KM
motorways,NO,NO04,2008,25,KM
motorways,NO,NO05,2008,11,KM
motorways,NO,NO06,2008,0,KM
motorways,NO,NO07,2008,0,KM
motorways,PL,PL21,2008,59,KM
motorways,PL,PL22,2008,83,KM
motorways,PL,PL41,2008,195,KM
motorways,PL,PL42,2008,22,KM
motorways,PL,PL43,2008,0,KM
motorways,PL,PL51,2008,150,KM
motorways,PL,PL52,2008,88,KM
motorways,PL,PL61,2008,25,KM
motorways,PL,PL62,2008,0,KM
motorways,PL,PL63,2008,66,KM
motorways,PL,PL71,2008,77,KM
motorways,PL,PL72,2008,0,KM
motorways,PL,PL81,2008,0,KM
motorways,PL,PL82,2008,0,KM
motorways,PL,PL84,2008,0,KM
motorways,PT,PT20,2008,0,KM
motorways,PT,PT30,2008,0,KM
motorways,RO,RO11,2008,0,KM
motorways,RO,RO12,2008,0,KM
motorways,RO,RO21,2008,0,KM
motorways,RO,RO22,2008,1,KM
motorways,RO,RO31,2008,229,KM
motorways,RO,RO32,2008,51,KM
motorways,RO,RO41,2008,0,KM
motorways,RO,RO42,2008,0,KM
motorways,SE,SE11,2008,262,KM
motorways,SE,SE12,2008,553,KM
motorways,SE,SE21,2008,190,KM
motorways,SE,SE22,2008,309,KM
motorways,SE,SE23,2008,428,KM
motorways,SE,SE31,2008,92,KM
motorways,SE,SE32,2008,16,KM
motorways,SE,SE33,2008,6,KM
motorways,SI,SI03,2008,,KM
motorways,SI,SI04,2008,,KM
motorways,SK,SK01,2008,110,KM
motorways,SK,SK02,2008,147,KM
motorways,SK,SK03,2008,69,KM
motorways,SK,SK04,2008,66,KM
motorways,TR,TR10,2008,194,KM
motorways,TR,TR21,2008,183,KM
motorways,TR,TR22,2008,0,KM
motorways,TR,TR31,2008,210,KM
motorways,TR,TR32,2008,51,KM
motorways,TR,TR33,2008,0,KM
motorways,TR,TR41,2008,65,KM
motorways,TR,TR42,2008,329,KM
motorways,TR,TR51,2008,199,KM
motorways,TR,TR52,2008,0,KM
motorways,TR,TR61,2008,0,KM
motorways,TR,TR62,2008,311,KM
motorways,TR,TR63,2008,203,KM
motorways,TR,TR71,2008,0,KM
motorways,TR,TR72,2008,0,KM
motorways,TR,TR81,2008,0,KM
motorways,TR,TR82,2008,0,KM
motorways,TR,TR83,2008,0,KM
motorways,TR,TR90,2008,0,KM
motorways,TR,TRA1,2008,0,KM
motorways,TR,TRA2,2008,0,KM
motorways,TR,TRB1,2008,0,KM
motorways,TR,TRB2,2008,0,KM
motorways,TR,TRC1,2008,156,KM
motorways,TR,TRC2,2008,109,KM
motorways,TR,TRC3,2008,0,KM
motorways,UK,UKN0,2008,114,KM
motorways,AT,AT11,2009,80,KM
motorways,AT,AT12,2009,328,KM
motorways,AT,AT13,2009,43,KM
motorways,AT,AT21,2009,243,KM
motorways,AT,AT22,2009,308,KM
motorways,AT,AT31,2009,299,KM
motorways,AT,AT32,2009,144,KM
motorways,AT,AT33,2009,189,KM
motorways,AT,AT34,2009,63,KM
motorways,BE,BE10,2009,11,KM
motorways,BE,BE21,2009,220,KM
motorways,BE,BE22,2009,106,KM
motorways,BE,BE23,2009,196,KM
motorways,BE,BE24,2009,175,KM
motorways,BE,BE25,2009,187,KM
motorways,BE,BE31,2009,63,KM
motorways,BE,BE32,2009,284,KM
motorways,BE,BE33,2009,266,KM
motorways,BE,BE34,2009,154,KM
motorways,BE,BE35,2009,103,KM
motorways,BG,BG31,2009,7,KM
motorways,BG,BG32,2009,0,KM
motorways,BG,BG33,2009,84,KM
motorways,BG,BG34,2009,87,KM
motorways,BG,BG41,2009,118,KM
motorways,BG,BG42,2009,122,KM
motorways,CH,CH01,2009,280,KM
motorways,CH,CH02,2009,319,KM
motorways,CH,CH03,2009,139,KM
motorways,CH,CH04,2009,135,KM
motorways,CH,CH05,2009,243,KM
motorways,CH,CH06,2009,181,KM
motorways,CH,CH07,2009,109,KM
motorways,CY,CY00,2009,257,KM
motorways,CZ,CZ01,2009,11,KM
motorways,CZ,CZ02,2009,194,KM
motorways,CZ,CZ03,2009,124,KM
motorways,CZ,CZ04,2009,53,KM
motorways,CZ,CZ05,2009,26,KM
motorways,CZ,CZ06,2009,227,KM
motorways,CZ,CZ07,2009,41,KM
motorways,CZ,CZ08,2009,54,KM
motorways,DE,DE11,2009,399,KM
motorways,DE,DE12,2009,267,KM
motorways,DE,DE13,2009,280,KM
motorways,DE,DE14,2009,113,KM
motorways,DE,DE21,2009,597,KM
motorways,DE,DE22,2009,239,KM
motorways,DE,DE23,2009,336,KM
motorways,DE,DE24,2009,349,KM
motorways,DE,DE25,2009,356,KM
motorways,DE,DE26,2009,353,KM
motorways,DE,DE27,2009,272,KM
motorways,DE,DE30,2009,77,KM
motorways,DE,DE40,2009,795,KM
motorways,DE,DE50,2009,75,KM
motorways,DE,DE60,2009,81,KM
motorways,DE,DE71,2009,480,KM
motorways,DE,DE72,2009,199,KM
motorways,DE,DE73,2009,293,KM
motorways,DE,DE80,2009,552,KM
motorways,DE,DE91,2009,286,KM
motorways,DE,DE92,2009,226,KM
motorways,DE,DE93,2009,372,KM
motorways,DE,DE94,2009,547,KM
motorways,DE,DEA1,2009,649,KM
motorways,DE,DEA2,2009,558,KM
motorways,DE,DEA3,2009,356,KM
motorways,DE,DEA4,2009,190,KM
motorways,DE,DEA5,2009,448,KM
motorways,DE,DEB1,2009,257,KM
motorways,DE,DEB2,2009,184,KM
motorways,DE,DEB3,2009,431,KM
motorways,DE,DEC0,2009,240,KM
motorways,DE,DED2,2009,216,KM
motorways,DE,DED4,2009,203,KM
motorways,DE,DED5,2009,111,KM
motorways,DE,DEE0,2009,407,KM
motorways,DE,DEF0,2009,533,KM
motorways,DE,DEG0,2009,498,KM
motorways,DK,DK01,2009,157 d,KM
motorways,DK,DK02,2009,260 d,KM
motorways,DK,DK03,2009,329 d,KM
motorways,DK,DK04,2009,197 d,KM
motorways,DK,DK05,2009,187 d,KM
motorways,EE,EE00,2009,100,KM
motorways,ES,ES11,2009,925,KM
motorways,ES,ES12,2009,394,KM
motorways,ES,ES13,2009,218,KM
motorways,ES,ES21,2009,529,KM
motorways,ES,ES22,2009,348,KM
motorways,ES,ES23,2009,159,KM
motorways,ES,ES24,2009,676,KM
motorways,ES,ES30,2009,760,KM
motorways,ES,ES41,2009,2158,KM
motorways,ES,ES42,2009,1636,KM
motorways,ES,ES43,2009,651,KM
motorways,ES,ES51,2009,1271,KM
motorways,ES,ES52,2009,1091,KM
motorways,ES,ES53,2009,94,KM
motorways,ES,ES61,2009,2379,KM
motorways,ES,ES62,2009,517,KM
motorways,ES,ES63,2009,0,KM
motorways,ES,ES64,2009,0,KM
motorways,ES,ES70,2009,217,KM
motorways,FI,FI19,2009,114,KM
motorways,FI,FI1B,2009,281,KM
motorways,FI,FI1C,2009,271,KM
motorways,FI,FI1D,2009,98,KM
motorways,FI,FI20,2009,0,KM
motorways,FR,FR10,2009,605,KM
motorways,FR,FRB0,2009,983,KM
motorways,FR,FRC1,2009,685,KM
motorways,FR,FRC2,2009,218,KM
motorways,FR,FRD1,2009,255,KM
motorways,FR,FRD2,2009,427,KM
motorways,FR,FRE1,2009,627,KM
motorways,FR,FRE2,2009,550,KM
motorways,FR,FRF1,2009,301,KM
motorways,FR,FRF2,2009,503,KM
motorways,FR,FRF3,2009,462,KM
motorways,FR,FRG0,2009,745,KM
motorways,FR,FRH0,2009,50,KM
motorways,FR,FRI1,2009,635,KM
motorways,FR,FRI2,2009,274,KM
motorways,FR,FRI3,2009,300,KM
motorways,FR,FRJ1,2009,546,KM
motorways,FR,FRJ2,2009,652,KM
motorways,FR,FRK1,2009,380,KM
motorways,FR,FRK2,2009,1211,KM
motorways,FR,FRL0,2009,754,KM
motorways,FR,FRM0,2009,0,KM
motorways,FR,FRY1,2009,,KM
motorways,FR,FRY2,2009,0,KM
motorways,FR,FRY3,2009,0,KM
motorways,FR,FRY4,2009,0,KM
motorways,FR,FRY5,2009,,KM
motorways,HR,HR03,2009,604,KM
motorways,HR,HR04,2009,640,KM
motorways,HU,HU11,2009,,KM
motorways,HU,HU12,2009,,KM
motorways,HU,HU21,2009,254,KM
motorways,HU,HU22,2009,166,KM
motorways,HU,HU23,2009,125,KM
motorways,HU,HU31,2009,173,KM
motorways,HU,HU32,2009,132,KM
motorways,HU,HU33,2009,143,KM
motorways,IE,IE04,2009,,KM
motorways,IE,IE05,2009,,KM
motorways,IE,IE06,2009,,KM
motorways,IT,ITC1,2009,817,KM
motorways,IT,ITC2,2009,114,KM
motorways,IT,ITC3,2009,375,KM
motorways,IT,ITC4,2009,587,KM
motorways,IT,ITF1,2009,352,KM
motorways,IT,ITF2,2009,36,KM
motorways,IT,ITF3,2009,442,KM
motorways,IT,ITF4,2009,313,KM
motorways,IT,ITF5,2009,29,KM
motorways,IT,ITF6,2009,295,KM
motorways,IT,ITG1,2009,654,KM
motorways,IT,ITG2,2009,,KM
motorways,IT,ITH1,2009,211,KM
motorways,IT,ITH3,2009,525,KM
motorways,IT,ITH4,2009,210,KM
motorways,IT,ITH5,2009,568,KM
motorways,IT,ITI1,2009,436,KM
motorways,IT,ITI2,2009,59,KM
motorways,IT,ITI3,2009,168,KM
motorways,IT,ITI4,2009,470,KM
motorways,LI,LI00,2009,: z,KM
motorways,LT,LT01,2009,,KM
motorways,LT,LT02,2009,,KM
motorways,LU,LU00,2009,152,KM
motorways,LV,LV00,2009,0,KM
motorways,MT,MT00,2009,: z,KM
motorways,NL,NL11,2009,93,KM
motorways,NL,NL12,2009,193,KM
motorways,NL,NL13,2009,128,KM
motorways,NL,NL21,2009,147,KM
motorways,NL,NL22,2009,393,KM
motorways,NL,NL23,2009,99,KM
motorways,NL,NL31,2009,177,KM
motorways,NL,NL32,2009,283,KM
motorways,NL,NL33,2009,353,KM
motorways,NL,NL34,2009,65,KM
motorways,NL,NL41,2009,483,KM
motorways,NL,NL42,2009,219,KM
motorways,NO,NO01,2009,119,KM
motorways,NO,NO02,2009,0,KM
motorways,NO,NO03,2009,151,KM
motorways,NO,NO04,2009,63,KM
motorways,NO,NO05,2009,11,KM
motorways,NO,NO06,2009,0,KM
motorways,NO,NO07,2009,0,KM
motorways,PL,PL21,2009,79,KM
motorways,PL,PL22,2009,100,KM
motorways,PL,PL41,2009,195,KM
motorways,PL,PL42,2009,22,KM
motorways,PL,PL43,2009,0,KM
motorways,PL,PL51,2009,199,KM
motorways,PL,PL52,2009,88,KM
motorways,PL,PL61,2009,23,KM
motorways,PL,PL62,2009,0,KM
motorways,PL,PL63,2009,66,KM
motorways,PL,PL71,2009,77,KM
motorways,PL,PL72,2009,0,KM
motorways,PL,PL81,2009,0,KM
motorways,PL,PL82,2009,0,KM
motorways,PL,PL84,2009,0,KM
motorways,PT,PT20,2009,0,KM
motorways,PT,PT30,2009,0,KM
motorways,RO,RO11,2009,41,KM
motorways,RO,RO12,2009,0,KM
motorways,RO,RO21,2009,0,KM
motorways,RO,RO22,2009,1,KM
motorways,RO,RO31,2009,228,KM
motorways,RO,RO32,2009,51,KM
motorways,RO,RO41,2009,0,KM
motorways,RO,RO42,2009,0,KM
motorways,SE,SE11,2009,297,KM
motorways,SE,SE12,2009,565,KM
motorways,SE,SE21,2009,191,KM
motorways,SE,SE22,2009,307,KM
motorways,SE,SE23,2009,454,KM
motorways,SE,SE31,2009,89,KM
motorways,SE,SE32,2009,15,KM
motorways,SE,SE33,2009,6,KM
motorways,SI,SI03,2009,,KM
motorways,SI,SI04,2009,,KM
motorways,SK,SK01,2009,110,KM
motorways,SK,SK02,2009,147,KM
motorways,SK,SK03,2009,70,KM
motorways,SK,SK04,2009,73,KM
motorways,TR,TR10,2009,186,KM
motorways,TR,TR21,2009,165,KM
motorways,TR,TR22,2009,0,KM
motorways,TR,TR31,2009,209,KM
motorways,TR,TR32,2009,51,KM
motorways,TR,TR33,2009,0,KM
motorways,TR,TR41,2009,65,KM
motorways,TR,TR42,2009,331,KM
motorways,TR,TR51,2009,198,KM
motorways,TR,TR52,2009,0,KM
motorways,TR,TR61,2009,0,KM
motorways,TR,TR62,2009,311,KM
motorways,TR,TR63,2009,195,KM
motorways,TR,TR71,2009,70,KM
motorways,TR,TR72,2009,0,KM
motorways,TR,TR81,2009,0,KM
motorways,TR,TR82,2009,0,KM
motorways,TR,TR83,2009,0,KM
motorways,TR,TR90,2009,0,KM
motorways,TR,TRA1,2009,0,KM
motorways,TR,TRA2,2009,0,KM
motorways,TR,TRB1,2009,0,KM
motorways,TR,TRB2,2009,0,KM
motorways,TR,TRC1,2009,134,KM
motorways,TR,TRC2,2009,121,KM
motorways,TR,TRC3,2009,0,KM
motorways,UK,UKN0,2009,114,KM
motorways,AT,AT11,2010,80,KM
motorways,AT,AT12,2010,350,KM
motorways,AT,AT13,2010,43,KM
motorways,AT,AT21,2010,243,KM
motorways,AT,AT22,2010,308,KM
motorways,AT,AT31,2010,299,KM
motorways,AT,AT32,2010,144,KM
motorways,AT,AT33,2010,189,KM
motorways,AT,AT34,2010,63,KM
motorways,BE,BE10,2010,11,KM
motorways,BE,BE21,2010,220,KM
motorways,BE,BE22,2010,106,KM
motorways,BE,BE23,2010,196,KM
motorways,BE,BE24,2010,175,KM
motorways,BE,BE25,2010,187,KM
motorways,BE,BE31,2010,63,KM
motorways,BE,BE32,2010,284,KM
motorways,BE,BE33,2010,266,KM
motorways,BE,BE34,2010,154,KM
motorways,BE,BE35,2010,103,KM
motorways,BG,BG31,2010,7,KM
motorways,BG,BG32,2010,0,KM
motorways,BG,BG33,2010,84,KM
motorways,BG,BG34,2010,87,KM
motorways,BG,BG41,2010,118,KM
motorways,BG,BG42,2010,141,KM
motorways,CH,CH01,2010,280,KM
motorways,CH,CH02,2010,319,KM
motorways,CH,CH03,2010,139,KM
motorways,CH,CH04,2010,135,KM
motorways,CH,CH05,2010,243,KM
motorways,CH,CH06,2010,181,KM
motorways,CH,CH07,2010,109,KM
motorways,CY,CY00,2010,257,KM
motorways,CZ,CZ01,2010,11,KM
motorways,CZ,CZ02,2010,194,KM
motorways,CZ,CZ03,2010,125,KM
motorways,CZ,CZ04,2010,53,KM
motorways,CZ,CZ05,2010,26,KM
motorways,CZ,CZ06,2010,227,KM
motorways,CZ,CZ07,2010,46,KM
motorways,CZ,CZ08,2010,54,KM
motorways,DE,DE11,2010,,KM
motorways,DE,DE12,2010,,KM
motorways,DE,DE13,2010,,KM
motorways,DE,DE14,2010,,KM
motorways,DE,DE21,2010,597,KM
motorways,DE,DE22,2010,239,KM
motorways,DE,DE23,2010,337,KM
motorways,DE,DE24,2010,349,KM
motorways,DE,DE25,2010,356,KM
motorways,DE,DE26,2010,353,KM
motorways,DE,DE27,2010,272,KM
motorways,DE,DE30,2010,77,KM
motorways,DE,DE40,2010,795,KM
motorways,DE,DE50,2010,75,KM
motorways,DE,DE60,2010,81,KM
motorways,DE,DE71,2010,480,KM
motorways,DE,DE72,2010,199,KM
motorways,DE,DE73,2010,293,KM
motorways,DE,DE80,2010,554,KM
motorways,DE,DE91,2010,,KM
motorways,DE,DE92,2010,,KM
motorways,DE,DE93,2010,,KM
motorways,DE,DE94,2010,,KM
motorways,DE,DEA1,2010,649,KM
motorways,DE,DEA2,2010,558,KM
motorways,DE,DEA3,2010,356,KM
motorways,DE,DEA4,2010,190,KM
motorways,DE,DEA5,2010,448,KM
motorways,DE,DEB1,2010,258,KM
motorways,DE,DEB2,2010,187,KM
motorways,DE,DEB3,2010,431,KM
motorways,DE,DEC0,2010,240,KM
motorways,DE,DED2,2010,216,KM
motorways,DE,DED4,2010,203,KM
motorways,DE,DED5,2010,111,KM
motorways,DE,DEE0,2010,407,KM
motorways,DE,DEF0,2010,533,KM
motorways,DE,DEG0,2010,498,KM
motorways,DK,DK01,2010,157,KM
motorways,DK,DK02,2010,260,KM
motorways,DK,DK03,2010,329,KM
motorways,DK,DK04,2010,197,KM
motorways,DK,DK05,2010,187,KM
motorways,EE,EE00,2010,115,KM
motorways,ES,ES11,2010,961,KM
motorways,ES,ES12,2010,394,KM
motorways,ES,ES13,2010,218,KM
motorways,ES,ES21,2010,535,KM
motorways,ES,ES22,2010,356,KM
motorways,ES,ES23,2010,159,KM
motorways,ES,ES24,2010,704,KM
motorways,ES,ES30,2010,753,KM
motorways,ES,ES41,2010,2194,KM
motorways,ES,ES42,2010,1775,KM
motorways,ES,ES43,2010,668,KM
motorways,ES,ES51,2010,1201,KM
motorways,ES,ES52,2010,1116,KM
motorways,ES,ES53,2010,94,KM
motorways,ES,ES61,2010,2391,KM
motorways,ES,ES62,2010,527,KM
motorways,ES,ES63,2010,0,KM
motorways,ES,ES64,2010,0,KM
motorways,ES,ES70,2010,217,KM
motorways,FI,FI19,2010,115,KM
motorways,FI,FI1B,2010,281,KM
motorways,FI,FI1C,2010,271,KM
motorways,FI,FI1D,2010,112,KM
motorways,FI,FI20,2010,0,KM
motorways,FR,FR10,2010,605,KM
motorways,FR,FRB0,2010,983,KM
motorways,FR,FRC1,2010,685,KM
motorways,FR,FRC2,2010,218,KM
motorways,FR,FRD1,2010,284,KM
motorways,FR,FRD2,2010,427,KM
motorways,FR,FRE1,2010,627,KM
motorways,FR,FRE2,2010,550,KM
motorways,FR,FRF1,2010,302,KM
motorways,FR,FRF2,2010,516,KM
motorways,FR,FRF3,2010,462,KM
motorways,FR,FRG0,2010,746,KM
motorways,FR,FRH0,2010,50,KM
motorways,FR,FRI1,2010,785,KM
motorways,FR,FRI2,2010,274,KM
motorways,FR,FRI3,2010,300,KM
motorways,FR,FRJ1,2010,561,KM
motorways,FR,FRJ2,2010,653,KM
motorways,FR,FRK1,2010,380,KM
motorways,FR,FRK2,2010,1230,KM
motorways,FR,FRL0,2010,754,KM
motorways,FR,FRM0,2010,0,KM
motorways,FR,FRY1,2010,,KM
motorways,FR,FRY2,2010,0,KM
motorways,FR,FRY3,2010,0,KM
motorways,FR,FRY4,2010,0,KM
motorways,FR,FRY5,2010,,KM
motorways,HR,HR03,2010,604,KM
motorways,HR,HR04,2010,640,KM
motorways,HU,HU11,2010,,KM
motorways,HU,HU12,2010,,KM
motorways,HU,HU21,2010,267,KM
motorways,HU,HU22,2010,165,KM
motorways,HU,HU23,2010,297,KM
motorways,HU,HU31,2010,173,KM
motorways,HU,HU32,2010,132,KM
motorways,HU,HU33,2010,145,KM
motorways,IE,IE04,2010,,KM
motorways,IE,IE05,2010,,KM
motorways,IE,IE06,2010,,KM
motorways,IT,ITC1,2010,821,KM
motorways,IT,ITC2,2010,114,KM
motorways,IT,ITC3,2010,375,KM
motorways,IT,ITC4,2010,589,KM
motorways,IT,ITF1,2010,352,KM
motorways,IT,ITF2,2010,36,KM
motorways,IT,ITF3,2010,442,KM
motorways,IT,ITF4,2010,313,KM
motorways,IT,ITF5,2010,29,KM
motorways,IT,ITF6,2010,295,KM
motorways,IT,ITG1,2010,654,KM
motorways,IT,ITG2,2010,,KM
motorways,IT,ITH1,2010,212,KM
motorways,IT,ITH3,2010,525,KM
motorways,IT,ITH4,2010,210,KM
motorways,IT,ITH5,2010,568,KM
motorways,IT,ITI1,2010,436,KM
motorways,IT,ITI2,2010,59,KM
motorways,IT,ITI3,2010,168,KM
motorways,IT,ITI4,2010,470,KM
motorways,LI,LI00,2010,: z,KM
motorways,LT,LT01,2010,,KM
motorways,LT,LT02,2010,,KM
motorways,LU,LU00,2010,152,KM
motorways,LV,LV00,2010,0,KM
motorways,MT,MT00,2010,: z,KM
motorways,NL,NL11,2010,95,KM
motorways,NL,NL12,2010,196,KM
motorways,NL,NL13,2010,128,KM
motorways,NL,NL21,2010,147,KM
motorways,NL,NL22,2010,393,KM
motorways,NL,NL23,2010,99,KM
motorways,NL,NL31,2010,177,KM
motorways,NL,NL32,2010,283,KM
motorways,NL,NL33,2010,361,KM
motorways,NL,NL34,2010,63,KM
motorways,NL,NL41,2010,490,KM
motorways,NL,NL42,2010,216,KM
motorways,NO,NO01,2010,128,KM
motorways,NO,NO02,2010,14,KM
motorways,NO,NO03,2010,165,KM
motorways,NO,NO04,2010,63,KM
motorways,NO,NO05,2010,11,KM
motorways,NO,NO06,2010,0,KM
motorways,NO,NO07,2010,0,KM
motorways,PL,PL21,2010,80,KM
motorways,PL,PL22,2010,107,KM
motorways,PL,PL41,2010,195,KM
motorways,PL,PL42,2010,22,KM
motorways,PL,PL43,2010,0,KM
motorways,PL,PL51,2010,199,KM
motorways,PL,PL52,2010,88,KM
motorways,PL,PL61,2010,23,KM
motorways,PL,PL62,2010,0,KM
motorways,PL,PL63,2010,66,KM
motorways,PL,PL71,2010,77,KM
motorways,PL,PL72,2010,0,KM
motorways,PL,PL81,2010,0,KM
motorways,PL,PL82,2010,0,KM
motorways,PL,PL84,2010,0,KM
motorways,PT,PT20,2010,0,KM
motorways,PT,PT30,2010,0,KM
motorways,RO,RO11,2010,52,KM
motorways,RO,RO12,2010,0,KM
motorways,RO,RO21,2010,0,KM
motorways,RO,RO22,2010,1,KM
motorways,RO,RO31,2010,228,KM
motorways,RO,RO32,2010,51,KM
motorways,RO,RO41,2010,0,KM
motorways,RO,RO42,2010,0,KM
motorways,SE,SE11,2010,296,KM
motorways,SE,SE12,2010,585,KM
motorways,SE,SE21,2010,194,KM
motorways,SE,SE22,2010,320,KM
motorways,SE,SE23,2010,467,KM
motorways,SE,SE31,2010,89,KM
motorways,SE,SE32,2010,15,KM
motorways,SE,SE33,2010,6,KM
motorways,SI,SI03,2010,,KM
motorways,SI,SI04,2010,,KM
motorways,SK,SK01,2010,110,KM
motorways,SK,SK02,2010,158,KM
motorways,SK,SK03,2010,70,KM
motorways,SK,SK04,2010,89,KM
motorways,TR,TR10,2010,186,KM
motorways,TR,TR21,2010,165,KM
motorways,TR,TR22,2010,0,KM
motorways,TR,TR31,2010,209,KM
motorways,TR,TR32,2010,51,KM
motorways,TR,TR33,2010,0,KM
motorways,TR,TR41,2010,74,KM
motorways,TR,TR42,2010,331,KM
motorways,TR,TR51,2010,198,KM
motorways,TR,TR52,2010,0,KM
motorways,TR,TR61,2010,0,KM
motorways,TR,TR62,2010,318,KM
motorways,TR,TR63,2010,195,KM
motorways,TR,TR71,2010,70,KM
motorways,TR,TR72,2010,0,KM
motorways,TR,TR81,2010,0,KM
motorways,TR,TR82,2010,0,KM
motorways,TR,TR83,2010,0,KM
motorways,TR,TR90,2010,0,KM
motorways,TR,TRA1,2010,0,KM
motorways,TR,TRA2,2010,0,KM
motorways,TR,TRB1,2010,0,KM
motorways,TR,TRB2,2010,0,KM
motorways,TR,TRC1,2010,137,KM
motorways,TR,TRC2,2010,146,KM
motorways,TR,TRC3,2010,0,KM
motorways,UK,UKN0,2010,114,KM
motorways,AT,AT11,2011,80,KM
motorways,AT,AT12,2011,350,KM
motorways,AT,AT13,2011,43,KM
motorways,AT,AT21,2011,243,KM
motorways,AT,AT22,2011,308,KM
motorways,AT,AT31,2011,299,KM
motorways,AT,AT32,2011,144,KM
motorways,AT,AT33,2011,189,KM
motorways,AT,AT34,2011,63,KM
motorways,BE,BE10,2011,11,KM
motorways,BE,BE21,2011,220,KM
motorways,BE,BE22,2011,106,KM
motorways,BE,BE23,2011,196,KM
motorways,BE,BE24,2011,175,KM
motorways,BE,BE25,2011,187,KM
motorways,BE,BE31,2011,63,KM
motorways,BE,BE32,2011,284,KM
motorways,BE,BE33,2011,266,KM
motorways,BE,BE34,2011,154,KM
motorways,BE,BE35,2011,103,KM
motorways,BG,BG31,2011,7,KM
motorways,BG,BG32,2011,0,KM
motorways,BG,BG33,2011,84,KM
motorways,BG,BG34,2011,87,KM
motorways,BG,BG41,2011,139,KM
motorways,BG,BG42,2011,141,KM
motorways,CH,CH01,2011,280,KM
motorways,CH,CH02,2011,325,KM
motorways,CH,CH03,2011,139,KM
motorways,CH,CH04,2011,138,KM
motorways,CH,CH05,2011,243,KM
motorways,CH,CH06,2011,181,KM
motorways,CH,CH07,2011,109,KM
motorways,CY,CY00,2011,257,KM
motorways,CZ,CZ01,2011,11,KM
motorways,CZ,CZ02,2011,194,KM
motorways,CZ,CZ03,2011,125,KM
motorways,CZ,CZ04,2011,57,KM
motorways,CZ,CZ05,2011,26,KM
motorways,CZ,CZ06,2011,227,KM
motorways,CZ,CZ07,2011,53,KM
motorways,CZ,CZ08,2011,54,KM
motorways,DE,DE11,2011,,KM
motorways,DE,DE12,2011,,KM
motorways,DE,DE13,2011,,KM
motorways,DE,DE14,2011,,KM
motorways,DE,DE21,2011,,KM
motorways,DE,DE22,2011,,KM
motorways,DE,DE23,2011,,KM
motorways,DE,DE24,2011,,KM
motorways,DE,DE25,2011,,KM
motorways,DE,DE26,2011,,KM
motorways,DE,DE27,2011,,KM
motorways,DE,DE30,2011,77,KM
motorways,DE,DE40,2011,795,KM
motorways,DE,DE50,2011,75,KM
motorways,DE,DE60,2011,81,KM
motorways,DE,DE71,2011,,KM
motorways,DE,DE72,2011,,KM
motorways,DE,DE73,2011,,KM
motorways,DE,DE80,2011,554,KM
motorways,DE,DE91,2011,,KM
motorways,DE,DE92,2011,,KM
motorways,DE,DE93,2011,,KM
motorways,DE,DE94,2011,,KM
motorways,DE,DEA1,2011,,KM
motorways,DE,DEA2,2011,,KM
motorways,DE,DEA3,2011,,KM
motorways,DE,DEA4,2011,,KM
motorways,DE,DEA5,2011,,KM
motorways,DE,DEB1,2011,,KM
motorways,DE,DEB2,2011,,KM
motorways,DE,DEB3,2011,,KM
motorways,DE,DEC0,2011,240,KM
motorways,DE,DED2,2011,,KM
motorways,DE,DED4,2011,,KM
motorways,DE,DED5,2011,,KM
motorways,DE,DEE0,2011,407,KM
motorways,DE,DEF0,2011,533,KM
motorways,DE,DEG0,2011,498,KM
motorways,DK,DK01,2011,159,KM
motorways,DK,DK02,2011,260,KM
motorways,DK,DK03,2011,336,KM
motorways,DK,DK04,2011,200,KM
motorways,DK,DK05,2011,187,KM
motorways,EE,EE00,2011,115,KM
motorways,ES,ES11,2011,994,KM
motorways,ES,ES12,2011,390,KM
motorways,ES,ES13,2011,216,KM
motorways,ES,ES21,2011,552,KM
motorways,ES,ES22,2011,372,KM
motorways,ES,ES23,2011,159,KM
motorways,ES,ES24,2011,749,KM
motorways,ES,ES30,2011,780,KM
motorways,ES,ES41,2011,2195,KM
motorways,ES,ES42,2011,1772,KM
motorways,ES,ES43,2011,679,KM
motorways,ES,ES51,2011,1267,KM
motorways,ES,ES52,2011,1131,KM
motorways,ES,ES53,2011,94,KM
motorways,ES,ES61,2011,2453,KM
motorways,ES,ES62,2011,533,KM
motorways,ES,ES63,2011,0,KM
motorways,ES,ES64,2011,0,KM
motorways,ES,ES70,2011,219,KM
motorways,FI,FI19,2011,126,KM
motorways,FI,FI1B,2011,281,KM
motorways,FI,FI1C,2011,271,KM
motorways,FI,FI1D,2011,112,KM
motorways,FI,FI20,2011,0,KM
motorways,FR,FR10,2011,613,KM
motorways,FR,FRB0,2011,982,KM
motorways,FR,FRC1,2011,686,KM
motorways,FR,FRC2,2011,218,KM
motorways,FR,FRD1,2011,283,KM
motorways,FR,FRD2,2011,427,KM
motorways,FR,FRE1,2011,627,KM
motorways,FR,FRE2,2011,550,KM
motorways,FR,FRF1,2011,302,KM
motorways,FR,FRF2,2011,516,KM
motorways,FR,FRF3,2011,462,KM
motorways,FR,FRG0,2011,748,KM
motorways,FR,FRH0,2011,50,KM
motorways,FR,FRI1,2011,785,KM
motorways,FR,FRI2,2011,274,KM
motorways,FR,FRI3,2011,300,KM
motorways,FR,FRJ1,2011,563,KM
motorways,FR,FRJ2,2011,652,KM
motorways,FR,FRK1,2011,380,KM
motorways,FR,FRK2,2011,1245,KM
motorways,FR,FRL0,2011,750,KM
motorways,FR,FRM0,2011,0,KM
motorways,FR,FRY1,2011,,KM
motorways,FR,FRY2,2011,0,KM
motorways,FR,FRY3,2011,0,KM
motorways,FR,FRY4,2011,0,KM
motorways,FR,FRY5,2011,,KM
motorways,HR,HR03,2011,613,KM
motorways,HR,HR04,2011,640,KM
motorways,HU,HU11,2011,,KM
motorways,HU,HU12,2011,,KM
motorways,HU,HU21,2011,265,KM
motorways,HU,HU22,2011,168,KM
motorways,HU,HU23,2011,299,KM
motorways,HU,HU31,2011,173,KM
motorways,HU,HU32,2011,132,KM
motorways,HU,HU33,2011,181,KM
motorways,IE,IE04,2011,,KM
motorways,IE,IE05,2011,,KM
motorways,IE,IE06,2011,,KM
motorways,IT,ITC1,2011,821,KM
motorways,IT,ITC2,2011,114,KM
motorways,IT,ITC3,2011,375,KM
motorways,IT,ITC4,2011,589,KM
motorways,IT,ITF1,2011,352,KM
motorways,IT,ITF2,2011,36,KM
motorways,IT,ITF3,2011,442,KM
motorways,IT,ITF4,2011,313,KM
motorways,IT,ITF5,2011,29,KM
motorways,IT,ITF6,2011,295,KM
motorways,IT,ITG1,2011,654,KM
motorways,IT,ITG2,2011,,KM
motorways,IT,ITH1,2011,212,KM
motorways,IT,ITH3,2011,525,KM
motorways,IT,ITH4,2011,210,KM
motorways,IT,ITH5,2011,568,KM
motorways,IT,ITI1,2011,436,KM
motorways,IT,ITI2,2011,59,KM
motorways,IT,ITI3,2011,168,KM
motorways,IT,ITI4,2011,470,KM
motorways,LI,LI00,2011,: z,KM
motorways,LT,LT01,2011,,KM
motorways,LT,LT02,2011,,KM
motorways,LU,LU00,2011,152,KM
motorways,LV,LV00,2011,0,KM
motorways,MT,MT00,2011,: z,KM
motorways,NL,NL11,2011,95,KM
motorways,NL,NL12,2011,195,KM
motorways,NL,NL13,2011,127,KM
motorways,NL,NL21,2011,150,KM
motorways,NL,NL22,2011,393,KM
motorways,NL,NL23,2011,99,KM
motorways,NL,NL31,2011,177,KM
motorways,NL,NL32,2011,282,KM
motorways,NL,NL33,2011,362,KM
motorways,NL,NL34,2011,65,KM
motorways,NL,NL41,2011,489,KM
motorways,NL,NL42,2011,216,KM
motorways,NO,NO01,2011,133,KM
motorways,NO,NO02,2011,14,KM
motorways,NO,NO03,2011,172,KM
motorways,NO,NO04,2011,63,KM
motorways,NO,NO05,2011,11,KM
motorways,NO,NO06,2011,0,KM
motorways,NO,NO07,2011,0,KM
motorways,PL,PL21,2011,80,KM
motorways,PL,PL22,2011,130,KM
motorways,PL,PL41,2011,210,KM
motorways,PL,PL42,2011,22,KM
motorways,PL,PL43,2011,89,KM
motorways,PL,PL51,2011,222,KM
motorways,PL,PL52,2011,88,KM
motorways,PL,PL61,2011,86,KM
motorways,PL,PL62,2011,0,KM
motorways,PL,PL63,2011,66,KM
motorways,PL,PL71,2011,77,KM
motorways,PL,PL72,2011,0,KM
motorways,PL,PL81,2011,0,KM
motorways,PL,PL82,2011,0,KM
motorways,PL,PL84,2011,0,KM
motorways,PT,PT20,2011,0,KM
motorways,PT,PT30,2011,0,KM
motorways,RO,RO11,2011,52,KM
motorways,RO,RO12,2011,17,KM
motorways,RO,RO21,2011,0,KM
motorways,RO,RO22,2011,1,KM
motorways,RO,RO31,2011,229,KM
motorways,RO,RO32,2011,51,KM
motorways,RO,RO41,2011,0,KM
motorways,RO,RO42,2011,0,KM
motorways,SE,SE11,2011,297,KM
motorways,SE,SE12,2011,582,KM
motorways,SE,SE21,2011,194,KM
motorways,SE,SE22,2011,329,KM
motorways,SE,SE23,2011,473,KM
motorways,SE,SE31,2011,62,KM
motorways,SE,SE32,2011,15,KM
motorways,SE,SE33,2011,6,KM
motorways,SI,SI03,2011,,KM
motorways,SI,SI04,2011,,KM
motorways,SK,SK01,2011,114,KM
motorways,SK,SK02,2011,158,KM
motorways,SK,SK03,2011,69,KM
motorways,SK,SK04,2011,89,KM
motorways,TR,TR10,2011,186,KM
motorways,TR,TR21,2011,165,KM
motorways,TR,TR22,2011,0,KM
motorways,TR,TR31,2011,213,KM
motorways,TR,TR32,2011,51,KM
motorways,TR,TR33,2011,0,KM
motorways,TR,TR41,2011,74,KM
motorways,TR,TR42,2011,331,KM
motorways,TR,TR51,2011,198,KM
motorways,TR,TR52,2011,0,KM
motorways,TR,TR61,2011,0,KM
motorways,TR,TR62,2011,311,KM
motorways,TR,TR63,2011,195,KM
motorways,TR,TR71,2011,104,KM
motorways,TR,TR72,2011,0,KM
motorways,TR,TR81,2011,0,KM
motorways,TR,TR82,2011,0,KM
motorways,TR,TR83,2011,0,KM
motorways,TR,TR90,2011,0,KM
motorways,TR,TRA1,2011,0,KM
motorways,TR,TRA2,2011,0,KM
motorways,TR,TRB1,2011,0,KM
motorways,TR,TRB2,2011,0,KM
motorways,TR,TRC1,2011,145,KM
motorways,TR,TRC2,2011,146,KM
motorways,TR,TRC3,2011,0,KM
motorways,UK,UKN0,2011,115,KM
motorways,AT,AT11,2012,80,KM
motorways,AT,AT12,2012,350,KM
motorways,AT,AT13,2012,43,KM
motorways,AT,AT21,2012,243,KM
motorways,AT,AT22,2012,308,KM
motorways,AT,AT31,2012,299,KM
motorways,AT,AT32,2012,144,KM
motorways,AT,AT33,2012,189,KM
motorways,AT,AT34,2012,63,KM
motorways,BE,BE10,2012,11,KM
motorways,BE,BE21,2012,220,KM
motorways,BE,BE22,2012,106,KM
motorways,BE,BE23,2012,196,KM
motorways,BE,BE24,2012,175,KM
motorways,BE,BE25,2012,187,KM
motorways,BE,BE31,2012,63,KM
motorways,BE,BE32,2012,284,KM
motorways,BE,BE33,2012,266,KM
motorways,BE,BE34,2012,154,KM
motorways,BE,BE35,2012,103,KM
motorways,BG,BG31,2012,7,KM
motorways,BG,BG32,2012,0,KM
motorways,BG,BG33,2012,84,KM
motorways,BG,BG34,2012,171,KM
motorways,BG,BG41,2012,138,KM
motorways,BG,BG42,2012,141,KM
motorways,CH,CH01,2012,280,KM
motorways,CH,CH02,2012,329,KM
motorways,CH,CH03,2012,139,KM
motorways,CH,CH04,2012,138,KM
motorways,CH,CH05,2012,243,KM
motorways,CH,CH06,2012,181,KM
motorways,CH,CH07,2012,109,KM
motorways,CY,CY00,2012,257,KM
motorways,CZ,CZ01,2012,11,KM
motorways,CZ,CZ02,2012,194,KM
motorways,CZ,CZ03,2012,125,KM
motorways,CZ,CZ04,2012,57,KM
motorways,CZ,CZ05,2012,26,KM
motorways,CZ,CZ06,2012,227,KM
motorways,CZ,CZ07,2012,53,KM
motorways,CZ,CZ08,2012,60,KM
motorways,DE,DE11,2012,,KM
motorways,DE,DE12,2012,,KM
motorways,DE,DE13,2012,,KM
motorways,DE,DE14,2012,,KM
motorways,DE,DE21,2012,,KM
motorways,DE,DE22,2012,,KM
motorways,DE,DE23,2012,,KM
motorways,DE,DE24,2012,,KM
motorways,DE,DE25,2012,,KM
motorways,DE,DE26,2012,,KM
motorways,DE,DE27,2012,,KM
motorways,DE,DE30,2012,77,KM
motorways,DE,DE40,2012,794,KM
motorways,DE,DE50,2012,75,KM
motorways,DE,DE60,2012,81,KM
motorways,DE,DE71,2012,,KM
motorways,DE,DE72,2012,,KM
motorways,DE,DE73,2012,,KM
motorways,DE,DE80,2012,554,KM
motorways,DE,DE91,2012,,KM
motorways,DE,DE92,2012,,KM
motorways,DE,DE93,2012,,KM
motorways,DE,DE94,2012,,KM
motorways,DE,DEA1,2012,,KM
motorways,DE,DEA2,2012,,KM
motorways,DE,DEA3,2012,,KM
motorways,DE,DEA4,2012,,KM
motorways,DE,DEA5,2012,,KM
motorways,DE,DEB1,2012,,KM
motorways,DE,DEB2,2012,,KM
motorways,DE,DEB3,2012,,KM
motorways,DE,DEC0,2012,240,KM
motorways,DE,DED2,2012,,KM
motorways,DE,DED4,2012,,KM
motorways,DE,DED5,2012,,KM
motorways,DE,DEE0,2012,411,KM
motorways,DE,DEF0,2012,536,KM
motorways,DE,DEG0,2012,498,KM
motorways,DK,DK01,2012,160,KM
motorways,DK,DK02,2012,260,KM
motorways,DK,DK03,2012,372,KM
motorways,DK,DK04,2012,215,KM
motorways,DK,DK05,2012,187,KM
motorways,EE,EE00,2012,124,KM
motorways,ES,ES11,2012,995,KM
motorways,ES,ES12,2012,408,KM
motorways,ES,ES13,2012,227,KM
motorways,ES,ES21,2012,533,KM
motorways,ES,ES22,2012,372,KM
motorways,ES,ES23,2012,165,KM
motorways,ES,ES24,2012,752,KM
motorways,ES,ES30,2012,771,KM
motorways,ES,ES41,2012,2207,KM
motorways,ES,ES42,2012,1816,KM
motorways,ES,ES43,2012,694,KM
motorways,ES,ES51,2012,1294,KM
motorways,ES,ES52,2012,1138,KM
motorways,ES,ES53,2012,94,KM
motorways,ES,ES61,2012,2462,KM
motorways,ES,ES62,2012,542,KM
motorways,ES,ES63,2012,0,KM
motorways,ES,ES64,2012,0,KM
motorways,ES,ES70,2012,233,KM
motorways,FI,FI19,2012,115,KM
motorways,FI,FI1B,2012,281,KM
motorways,FI,FI1C,2012,271,KM
motorways,FI,FI1D,2012,112,KM
motorways,FI,FI20,2012,0,KM
motorways,FR,FR10,2012,613,KM
motorways,FR,FRB0,2012,982,KM
motorways,FR,FRC1,2012,683,KM
motorways,FR,FRC2,2012,218,KM
motorways,FR,FRD1,2012,287,KM
motorways,FR,FRD2,2012,427,KM
motorways,FR,FRE1,2012,627,KM
motorways,FR,FRE2,2012,550,KM
motorways,FR,FRF1,2012,302,KM
motorways,FR,FRF2,2012,516,KM
motorways,FR,FRF3,2012,462,KM
motorways,FR,FRG0,2012,748,KM
motorways,FR,FRH0,2012,50,KM
motorways,FR,FRI1,2012,785,KM
motorways,FR,FRI2,2012,274,KM
motorways,FR,FRI3,2012,300,KM
motorways,FR,FRJ1,2012,563,KM
motorways,FR,FRJ2,2012,652,KM
motorways,FR,FRK1,2012,380,KM
motorways,FR,FRK2,2012,1244,KM
motorways,FR,FRL0,2012,750,KM
motorways,FR,FRM0,2012,0,KM
motorways,FR,FRY1,2012,,KM
motorways,FR,FRY2,2012,0,KM
motorways,FR,FRY3,2012,0,KM
motorways,FR,FRY4,2012,0,KM
motorways,FR,FRY5,2012,,KM
motorways,HR,HR03,2012,613,KM
motorways,HR,HR04,2012,640,KM
motorways,HU,HU11,2012,,KM
motorways,HU,HU12,2012,,KM
motorways,HU,HU21,2012,265,KM
motorways,HU,HU22,2012,168,KM
motorways,HU,HU23,2012,299,KM
motorways,HU,HU31,2012,173,KM
motorways,HU,HU32,2012,132,KM
motorways,HU,HU33,2012,181,KM
motorways,IE,IE04,2012,,KM
motorways,IE,IE05,2012,,KM
motorways,IE,IE06,2012,,KM
motorways,IT,ITC1,2012,821,KM
motorways,IT,ITC2,2012,114,KM
motorways,IT,ITC3,2012,375,KM
motorways,IT,ITC4,2012,604,KM
motorways,IT,ITF1,2012,352,KM
motorways,IT,ITF2,2012,36,KM
motorways,IT,ITF3,2012,442,KM
motorways,IT,ITF4,2012,313,KM
motorways,IT,ITF5,2012,29,KM
motorways,IT,ITF6,2012,295,KM
motorways,IT,ITG1,2012,654,KM
motorways,IT,ITG2,2012,,KM
motorways,IT,ITH1,2012,212,KM
motorways,IT,ITH3,2012,556,KM
motorways,IT,ITH4,2012,210,KM
motorways,IT,ITH5,2012,568,KM
motorways,IT,ITI1,2012,448,KM
motorways,IT,ITI2,2012,59,KM
motorways,IT,ITI3,2012,168,KM
motorways,IT,ITI4,2012,470,KM
motorways,LI,LI00,2012,: z,KM
motorways,LT,LT01,2012,,KM
motorways,LT,LT02,2012,,KM
motorways,LU,LU00,2012,152,KM
motorways,LV,LV00,2012,0,KM
motorways,MT,MT00,2012,: z,KM
motorways,NL,NL11,2012,95,KM
motorways,NL,NL12,2012,201,KM
motorways,NL,NL13,2012,127,KM
motorways,NL,NL21,2012,149,KM
motorways,NL,NL22,2012,393,KM
motorways,NL,NL23,2012,101,KM
motorways,NL,NL31,2012,177,KM
motorways,NL,NL32,2012,284,KM
motorways,NL,NL33,2012,362,KM
motorways,NL,NL34,2012,69,KM
motorways,NL,NL41,2012,489,KM
motorways,NL,NL42,2012,213,KM
motorways,NO,NO01,2012,144,KM
motorways,NO,NO02,2012,16,KM
motorways,NO,NO03,2012,169,KM
motorways,NO,NO04,2012,51,KM
motorways,NO,NO05,2012,13,KM
motorways,NO,NO06,2012,0,KM
motorways,NO,NO07,2012,0,KM
motorways,PL,PL21,2012,137,KM
motorways,PL,PL22,2012,169,KM
motorways,PL,PL41,2012,210,KM
motorways,PL,PL42,2012,22,KM
motorways,PL,PL43,2012,89,KM
motorways,PL,PL51,2012,222,KM
motorways,PL,PL52,2012,88,KM
motorways,PL,PL61,2012,100,KM
motorways,PL,PL62,2012,1,KM
motorways,PL,PL63,2012,66,KM
motorways,PL,PL71,2012,188,KM
motorways,PL,PL72,2012,0,KM
motorways,PL,PL81,2012,0,KM
motorways,PL,PL82,2012,7,KM
motorways,PL,PL84,2012,0,KM
motorways,PT,PT20,2012,0,KM
motorways,PT,PT30,2012,0,KM
motorways,RO,RO11,2012,52,KM
motorways,RO,RO12,2012,18,KM
motorways,RO,RO21,2012,0,KM
motorways,RO,RO22,2012,74,KM
motorways,RO,RO31,2012,260,KM
motorways,RO,RO32,2012,77,KM
motorways,RO,RO41,2012,0,KM
motorways,RO,RO42,2012,69,KM
motorways,SE,SE11,2012,297,KM
motorways,SE,SE12,2012,580,KM
motorways,SE,SE21,2012,194,KM
motorways,SE,SE22,2012,333,KM
motorways,SE,SE23,2012,517,KM
motorways,SE,SE31,2012,62,KM
motorways,SE,SE32,2012,15,KM
motorways,SE,SE33,2012,6,KM
motorways,SI,SI03,2012,384,KM
motorways,SI,SI04,2012,385,KM
motorways,SK,SK01,2012,114,KM
motorways,SK,SK02,2012,158,KM
motorways,SK,SK03,2012,69,KM
motorways,SK,SK04,2012,91,KM
motorways,TR,TR10,2012,186,KM
motorways,TR,TR21,2012,165,KM
motorways,TR,TR22,2012,0,KM
motorways,TR,TR31,2012,213,KM
motorways,TR,TR32,2012,51,KM
motorways,TR,TR33,2012,0,KM
motorways,TR,TR41,2012,74,KM
motorways,TR,TR42,2012,331,KM
motorways,TR,TR51,2012,198,KM
motorways,TR,TR52,2012,0,KM
motorways,TR,TR61,2012,0,KM
motorways,TR,TR62,2012,309,KM
motorways,TR,TR63,2012,195,KM
motorways,TR,TR71,2012,114,KM
motorways,TR,TR72,2012,0,KM
motorways,TR,TR81,2012,0,KM
motorways,TR,TR82,2012,0,KM
motorways,TR,TR83,2012,0,KM
motorways,TR,TR90,2012,0,KM
motorways,TR,TRA1,2012,0,KM
motorways,TR,TRA2,2012,0,KM
motorways,TR,TRB1,2012,0,KM
motorways,TR,TRB2,2012,0,KM
motorways,TR,TRC1,2012,145,KM
motorways,TR,TRC2,2012,146,KM
motorways,TR,TRC3,2012,0,KM
motorways,UK,UKN0,2012,116,KM
motorways,AT,AT11,2013,80,KM
motorways,AT,AT12,2013,350,KM
motorways,AT,AT13,2013,43,KM
motorways,AT,AT21,2013,243,KM
motorways,AT,AT22,2013,308,KM
motorways,AT,AT31,2013,299,KM
motorways,AT,AT32,2013,144,KM
motorways,AT,AT33,2013,189,KM
motorways,AT,AT34,2013,63,KM
motorways,BE,BE10,2013,11,KM
motorways,BE,BE21,2013,220,KM
motorways,BE,BE22,2013,106,KM
motorways,BE,BE23,2013,196,KM
motorways,BE,BE24,2013,175,KM
motorways,BE,BE25,2013,187,KM
motorways,BE,BE31,2013,63,KM
motorways,BE,BE32,2013,284,KM
motorways,BE,BE33,2013,266,KM
motorways,BE,BE34,2013,154,KM
motorways,BE,BE35,2013,103,KM
motorways,BG,BG31,2013,7,KM
motorways,BG,BG32,2013,0,KM
motorways,BG,BG33,2013,91,KM
motorways,BG,BG34,2013,203,KM
motorways,BG,BG41,2013,163,KM
motorways,BG,BG42,2013,141,KM
motorways,CH,CH01,2013,280,KM
motorways,CH,CH02,2013,329,KM
motorways,CH,CH03,2013,139,KM
motorways,CH,CH04,2013,138,KM
motorways,CH,CH05,2013,243,KM
motorways,CH,CH06,2013,181,KM
motorways,CH,CH07,2013,109,KM
motorways,CY,CY00,2013,257,KM
motorways,CZ,CZ01,2013,11,KM
motorways,CZ,CZ02,2013,194,KM
motorways,CZ,CZ03,2013,149,KM
motorways,CZ,CZ04,2013,56,KM
motorways,CZ,CZ05,2013,26,KM
motorways,CZ,CZ06,2013,227,KM
motorways,CZ,CZ07,2013,53,KM
motorways,CZ,CZ08,2013,60,KM
motorways,DE,DE11,2013,,KM
motorways,DE,DE12,2013,,KM
motorways,DE,DE13,2013,,KM
motorways,DE,DE14,2013,,KM
motorways,DE,DE21,2013,,KM
motorways,DE,DE22,2013,,KM
motorways,DE,DE23,2013,,KM
motorways,DE,DE24,2013,,KM
motorways,DE,DE25,2013,,KM
motorways,DE,DE26,2013,,KM
motorways,DE,DE27,2013,,KM
motorways,DE,DE30,2013,77,KM
motorways,DE,DE40,2013,794,KM
motorways,DE,DE50,2013,75,KM
motorways,DE,DE60,2013,81,KM
motorways,DE,DE71,2013,,KM
motorways,DE,DE72,2013,,KM
motorways,DE,DE73,2013,,KM
motorways,DE,DE80,2013,554,KM
motorways,DE,DE91,2013,,KM
motorways,DE,DE92,2013,,KM
motorways,DE,DE93,2013,,KM
motorways,DE,DE94,2013,,KM
motorways,DE,DEA1,2013,,KM
motorways,DE,DEA2,2013,,KM
motorways,DE,DEA3,2013,,KM
motorways,DE,DEA4,2013,,KM
motorways,DE,DEA5,2013,,KM
motorways,DE,DEB1,2013,,KM
motorways,DE,DEB2,2013,,KM
motorways,DE,DEB3,2013,,KM
motorways,DE,DEC0,2013,240,KM
motorways,DE,DED2,2013,,KM
motorways,DE,DED4,2013,,KM
motorways,DE,DED5,2013,,KM
motorways,DE,DEE0,2013,411,KM
motorways,DE,DEF0,2013,536,KM
motorways,DE,DEG0,2013,511,KM
motorways,DK,DK01,2013,160,KM
motorways,DK,DK02,2013,267,KM
motorways,DK,DK03,2013,377,KM
motorways,DK,DK04,2013,223,KM
motorways,DK,DK05,2013,187,KM
motorways,EE,EE00,2013,140,KM
motorways,ES,ES11,2013,1015,KM
motorways,ES,ES12,2013,433,KM
motorways,ES,ES13,2013,227,KM
motorways,ES,ES21,2013,533,KM
motorways,ES,ES22,2013,372,KM
motorways,ES,ES23,2013,165,KM
motorways,ES,ES24,2013,757,KM
motorways,ES,ES30,2013,777,KM
motorways,ES,ES41,2013,2253,KM
motorways,ES,ES42,2013,1816,KM
motorways,ES,ES43,2013,694,KM
motorways,ES,ES51,2013,1445,KM
motorways,ES,ES52,2013,1142,KM
motorways,ES,ES53,2013,93,KM
motorways,ES,ES61,2013,2457,KM
motorways,ES,ES62,2013,569,KM
motorways,ES,ES63,2013,0,KM
motorways,ES,ES64,2013,0,KM
motorways,ES,ES70,2013,233,KM
motorways,FI,FI19,2013,115,KM
motorways,FI,FI1B,2013,281,KM
motorways,FI,FI1C,2013,281,KM
motorways,FI,FI1D,2013,133,KM
motorways,FI,FI20,2013,0,KM
motorways,FR,FR10,2013,613,KM
motorways,FR,FRB0,2013,982,KM
motorways,FR,FRC1,2013,683,KM
motorways,FR,FRC2,2013,218,KM
motorways,FR,FRD1,2013,287,KM
motorways,FR,FRD2,2013,427,KM
motorways,FR,FRE1,2013,627,KM
motorways,FR,FRE2,2013,550,KM
motorways,FR,FRF1,2013,302,KM
motorways,FR,FRF2,2013,515,KM
motorways,FR,FRF3,2013,462,KM
motorways,FR,FRG0,2013,748,KM
motorways,FR,FRH0,2013,50,KM
motorways,FR,FRI1,2013,875,KM
motorways,FR,FRI2,2013,274,KM
motorways,FR,FRI3,2013,300,KM
motorways,FR,FRJ1,2013,563,KM
motorways,FR,FRJ2,2013,652,KM
motorways,FR,FRK1,2013,380,KM
motorways,FR,FRK2,2013,1294,KM
motorways,FR,FRL0,2013,750,KM
motorways,FR,FRM0,2013,0,KM
motorways,FR,FRY1,2013,,KM
motorways,FR,FRY2,2013,0,KM
motorways,FR,FRY3,2013,0,KM
motorways,FR,FRY4,2013,0,KM
motorways,FR,FRY5,2013,,KM
motorways,HR,HR03,2013,648,KM
motorways,HR,HR04,2013,640,KM
motorways,HU,HU11,2013,,KM
motorways,HU,HU12,2013,,KM
motorways,HU,HU21,2013,261,KM
motorways,HU,HU22,2013,168,KM
motorways,HU,HU23,2013,303,KM
motorways,HU,HU31,2013,173,KM
motorways,HU,HU32,2013,175,KM
motorways,HU,HU33,2013,181,KM
motorways,IE,IE04,2013,,KM
motorways,IE,IE05,2013,,KM
motorways,IE,IE06,2013,,KM
motorways,IT,ITC1,2013,821,KM
motorways,IT,ITC2,2013,114,KM
motorways,IT,ITC3,2013,375,KM
motorways,IT,ITC4,2013,621,KM
motorways,IT,ITF1,2013,352,KM
motorways,IT,ITF2,2013,36,KM
motorways,IT,ITF3,2013,442,KM
motorways,IT,ITF4,2013,313,KM
motorways,IT,ITF5,2013,29,KM
motorways,IT,ITF6,2013,295,KM
motorways,IT,ITG1,2013,662,KM
motorways,IT,ITG2,2013,,KM
motorways,IT,ITH1,2013,212 d,KM
motorways,IT,ITH3,2013,556,KM
motorways,IT,ITH4,2013,210,KM
motorways,IT,ITH5,2013,568,KM
motorways,IT,ITI1,2013,448,KM
motorways,IT,ITI2,2013,59,KM
motorways,IT,ITI3,2013,168,KM
motorways,IT,ITI4,2013,470,KM
motorways,LI,LI00,2013,: z,KM
motorways,LT,LT01,2013,,KM
motorways,LT,LT02,2013,,KM
motorways,LU,LU00,2013,152,KM
motorways,LV,LV00,2013,0,KM
motorways,MT,MT00,2013,,KM
motorways,NL,NL11,2013,95,KM
motorways,NL,NL12,2013,201,KM
motorways,NL,NL13,2013,127,KM
motorways,NL,NL21,2013,150,KM
motorways,NL,NL22,2013,393,KM
motorways,NL,NL23,2013,103,KM
motorways,NL,NL31,2013,177,KM
motorways,NL,NL32,2013,290,KM
motorways,NL,NL33,2013,362,KM
motorways,NL,NL34,2013,68,KM
motorways,NL,NL41,2013,489,KM
motorways,NL,NL42,2013,213,KM
motorways,NO,NO01,2013,166,KM
motorways,NO,NO02,2013,16,KM
motorways,NO,NO03,2013,183,KM
motorways,NO,NO04,2013,63,KM
motorways,NO,NO05,2013,13,KM
motorways,NO,NO06,2013,0,KM
motorways,NO,NO07,2013,0,KM
motorways,PL,PL21,2013,136,KM
motorways,PL,PL22,2013,169,KM
motorways,PL,PL41,2013,211,KM
motorways,PL,PL42,2013,22,KM
motorways,PL,PL43,2013,89,KM
motorways,PL,PL51,2013,222,KM
motorways,PL,PL52,2013,88,KM
motorways,PL,PL61,2013,144,KM
motorways,PL,PL62,2013,0,KM
motorways,PL,PL63,2013,66,KM
motorways,PL,PL71,2013,177,KM
motorways,PL,PL72,2013,0,KM
motorways,PL,PL81,2013,0,KM
motorways,PL,PL82,2013,91,KM
motorways,PL,PL84,2013,0,KM
motorways,PT,PT20,2013,0,KM
motorways,PT,PT30,2013,0,KM
motorways,RO,RO11,2013,52,KM
motorways,RO,RO12,2013,55,KM
motorways,RO,RO21,2013,0,KM
motorways,RO,RO22,2013,74,KM
motorways,RO,RO31,2013,258,KM
motorways,RO,RO32,2013,75,KM
motorways,RO,RO41,2013,0,KM
motorways,RO,RO42,2013,130,KM
motorways,SE,SE11,2013,304,KM
motorways,SE,SE12,2013,579,KM
motorways,SE,SE21,2013,194,KM
motorways,SE,SE22,2013,342,KM
motorways,SE,SE23,2013,542,KM
motorways,SE,SE31,2013,62,KM
motorways,SE,SE32,2013,15,KM
motorways,SE,SE33,2013,6,KM
motorways,SI,SI03,2013,391,KM
motorways,SI,SI04,2013,380,KM
motorways,SK,SK01,2013,114,KM
motorways,SK,SK02,2013,155,KM
motorways,SK,SK03,2013,67,KM
motorways,SK,SK04,2013,89,KM
motorways,TR,TR10,2013,303,KM
motorways,TR,TR21,2013,165,KM
motorways,TR,TR22,2013,,KM
motorways,TR,TR31,2013,213,KM
motorways,TR,TR32,2013,51,KM
motorways,TR,TR33,2013,,KM
motorways,TR,TR41,2013,74,KM
motorways,TR,TR42,2013,330,KM
motorways,TR,TR51,2013,198,KM
motorways,TR,TR52,2013,,KM
motorways,TR,TR61,2013,,KM
motorways,TR,TR62,2013,307,KM
motorways,TR,TR63,2013,194,KM
motorways,TR,TR71,2013,115,KM
motorways,TR,TR72,2013,,KM
motorways,TR,TR81,2013,,KM
motorways,TR,TR82,2013,,KM
motorways,TR,TR83,2013,,KM
motorways,TR,TR90,2013,0,KM
motorways,TR,TRA1,2013,,KM
motorways,TR,TRA2,2013,,KM
motorways,TR,TRB1,2013,,KM
motorways,TR,TRB2,2013,,KM
motorways,TR,TRC1,2013,148,KM
motorways,TR,TRC2,2013,146,KM
motorways,TR,TRC3,2013,,KM
motorways,UK,UKN0,2013,115,KM
motorways,AT,AT11,2014,80,KM
motorways,AT,AT12,2014,350,KM
motorways,AT,AT13,2014,43,KM
motorways,AT,AT21,2014,243,KM
motorways,AT,AT22,2014,308,KM
motorways,AT,AT31,2014,299,KM
motorways,AT,AT32,2014,144,KM
motorways,AT,AT33,2014,189,KM
motorways,AT,AT34,2014,63,KM
motorways,BE,BE10,2014,11,KM
motorways,BE,BE21,2014,220,KM
motorways,BE,BE22,2014,106,KM
motorways,BE,BE23,2014,196,KM
motorways,BE,BE24,2014,175,KM
motorways,BE,BE25,2014,187,KM
motorways,BE,BE31,2014,63,KM
motorways,BE,BE32,2014,284,KM
motorways,BE,BE33,2014,266,KM
motorways,BE,BE34,2014,154,KM
motorways,BE,BE35,2014,103,KM
motorways,BG,BG31,2014,7,KM
motorways,BG,BG32,2014,0,KM
motorways,BG,BG33,2014,91,KM
motorways,BG,BG34,2014,204,KM
motorways,BG,BG41,2014,163,KM
motorways,BG,BG42,2014,145,KM
motorways,CH,CH01,2014,280,KM
motorways,CH,CH02,2014,340,KM
motorways,CH,CH03,2014,139,KM
motorways,CH,CH04,2014,138,KM
motorways,CH,CH05,2014,243,KM
motorways,CH,CH06,2014,181,KM
motorways,CH,CH07,2014,109,KM
motorways,CY,CY00,2014,257,KM
motorways,CZ,CZ01,2014,11,KM
motorways,CZ,CZ02,2014,194,KM
motorways,CZ,CZ03,2014,149,KM
motorways,CZ,CZ04,2014,56,KM
motorways,CZ,CZ05,2014,26,KM
motorways,CZ,CZ06,2014,227,KM
motorways,CZ,CZ07,2014,53,KM
motorways,CZ,CZ08,2014,60,KM
motorways,DE,DE11,2014,,KM
motorways,DE,DE12,2014,,KM
motorways,DE,DE13,2014,,KM
motorways,DE,DE14,2014,,KM
motorways,DE,DE21,2014,,KM
motorways,DE,DE22,2014,,KM
motorways,DE,DE23,2014,,KM
motorways,DE,DE24,2014,,KM
motorways,DE,DE25,2014,,KM
motorways,DE,DE26,2014,,KM
motorways,DE,DE27,2014,,KM
motorways,DE,DE30,2014,77,KM
motorways,DE,DE40,2014,794,KM
motorways,DE,DE50,2014,80,KM
motorways,DE,DE60,2014,81,KM
motorways,DE,DE71,2014,,KM
motorways,DE,DE72,2014,,KM
motorways,DE,DE73,2014,,KM
motorways,DE,DE80,2014,554,KM
motorways,DE,DE91,2014,,KM
motorways,DE,DE92,2014,,KM
motorways,DE,DE93,2014,,KM
motorways,DE,DE94,2014,,KM
motorways,DE,DEA1,2014,,KM
motorways,DE,DEA2,2014,,KM
motorways,DE,DEA3,2014,,KM
motorways,DE,DEA4,2014,,KM
motorways,DE,DEA5,2014,,KM
motorways,DE,DEB1,2014,,KM
motorways,DE,DEB2,2014,,KM
motorways,DE,DEB3,2014,,KM
motorways,DE,DEC0,2014,240,KM
motorways,DE,DED2,2014,,KM
motorways,DE,DED4,2014,,KM
motorways,DE,DED5,2014,,KM
motorways,DE,DEE0,2014,416,KM
motorways,DE,DEF0,2014,538,KM
motorways,DE,DEG0,2014,510,KM
motorways,DK,DK01,2014,159,KM
motorways,DK,DK02,2014,267,KM
motorways,DK,DK03,2014,377,KM
motorways,DK,DK04,2014,241,KM
motorways,DK,DK05,2014,187,KM
motorways,EE,EE00,2014,141,KM
motorways,ES,ES11,2014,1031,KM
motorways,ES,ES12,2014,454,KM
motorways,ES,ES13,2014,227,KM
motorways,ES,ES21,2014,474,KM
motorways,ES,ES22,2014,372,KM
motorways,ES,ES23,2014,176,KM
motorways,ES,ES24,2014,767,KM
motorways,ES,ES30,2014,783,KM
motorways,ES,ES41,2014,2267,KM
motorways,ES,ES42,2014,1812,KM
motorways,ES,ES43,2014,700,KM
motorways,ES,ES51,2014,1454,KM
motorways,ES,ES52,2014,1142,KM
motorways,ES,ES53,2014,94,KM
motorways,ES,ES61,2014,2490,KM
motorways,ES,ES62,2014,569,KM
motorways,ES,ES63,2014,0,KM
motorways,ES,ES64,2014,0,KM
motorways,ES,ES70,2014,239,KM
motorways,FI,FI19,2014,115,KM
motorways,FI,FI1B,2014,322,KM
motorways,FI,FI1C,2014,307,KM
motorways,FI,FI1D,2014,138,KM
motorways,FI,FI20,2014,0,KM
motorways,FR,FR10,2014,613,KM
motorways,FR,FRB0,2014,981,KM
motorways,FR,FRC1,2014,683,KM
motorways,FR,FRC2,2014,218,KM
motorways,FR,FRD1,2014,297,KM
motorways,FR,FRD2,2014,427,KM
motorways,FR,FRE1,2014,627,KM
motorways,FR,FRE2,2014,551,KM
motorways,FR,FRF1,2014,302,KM
motorways,FR,FRF2,2014,515,KM
motorways,FR,FRF3,2014,462,KM
motorways,FR,FRG0,2014,747,KM
motorways,FR,FRH0,2014,50,KM
motorways,FR,FRI1,2014,785,KM
motorways,FR,FRI2,2014,274,KM
motorways,FR,FRI3,2014,300,KM
motorways,FR,FRJ1,2014,568,KM
motorways,FR,FRJ2,2014,653,KM
motorways,FR,FRK1,2014,380,KM
motorways,FR,FRK2,2014,1294,KM
motorways,FR,FRL0,2014,754,KM
motorways,FR,FRM0,2014,0,KM
motorways,FR,FRY1,2014,0,KM
motorways,FR,FRY2,2014,0,KM
motorways,FR,FRY3,2014,0,KM
motorways,FR,FRY4,2014,0,KM
motorways,FR,FRY5,2014,0,KM
motorways,HR,HR03,2014,650,KM
motorways,HR,HR04,2014,640,KM
motorways,HU,HU11,2014,62,KM
motorways,HU,HU12,2014,239,KM
motorways,HU,HU21,2014,261,KM
motorways,HU,HU22,2014,168,KM
motorways,HU,HU23,2014,303,KM
motorways,HU,HU31,2014,174,KM
motorways,HU,HU32,2014,190,KM
motorways,HU,HU33,2014,181,KM
motorways,IE,IE04,2014,83,KM
motorways,IE,IE05,2014,471,KM
motorways,IE,IE06,2014,344,KM
motorways,IT,ITC1,2014,821,KM
motorways,IT,ITC2,2014,114,KM
motorways,IT,ITC3,2014,375,KM
motorways,IT,ITC4,2014,679,KM
motorways,IT,ITF1,2014,352,KM
motorways,IT,ITF2,2014,36,KM
motorways,IT,ITF3,2014,442,KM
motorways,IT,ITF4,2014,313,KM
motorways,IT,ITF5,2014,29,KM
motorways,IT,ITF6,2014,295,KM
motorways,IT,ITG1,2014,662,KM
motorways,IT,ITG2,2014,: z,KM
motorways,IT,ITH1,2014,212 d,KM
motorways,IT,ITH3,2014,576,KM
motorways,IT,ITH4,2014,210,KM
motorways,IT,ITH5,2014,568,KM
motorways,IT,ITI1,2014,448,KM
motorways,IT,ITI2,2014,59,KM
motorways,IT,ITI3,2014,168,KM
motorways,IT,ITI4,2014,485,KM
motorways,LI,LI00,2014,0,KM
motorways,LT,LT01,2014,,KM
motorways,LT,LT02,2014,,KM
motorways,LU,LU00,2014,152,KM
motorways,LV,LV00,2014,0,KM
motorways,MT,MT00,2014,0,KM
motorways,NL,NL11,2014,95,KM
motorways,NL,NL12,2014,202,KM
motorways,NL,NL13,2014,127,KM
motorways,NL,NL21,2014,150,KM
motorways,NL,NL22,2014,393,KM
motorways,NL,NL23,2014,103,KM
motorways,NL,NL31,2014,177,KM
motorways,NL,NL32,2014,296,KM
motorways,NL,NL33,2014,362,KM
motorways,NL,NL34,2014,70,KM
motorways,NL,NL41,2014,492,KM
motorways,NL,NL42,2014,213,KM
motorways,NO,NO01,2014,178,KM
motorways,NO,NO02,2014,28,KM
motorways,NO,NO03,2014,183,KM
motorways,NO,NO04,2014,63,KM
motorways,NO,NO05,2014,13,KM
motorways,NO,NO06,2014,0,KM
motorways,NO,NO07,2014,0,KM
motorways,PL,PL21,2014,151,KM
motorways,PL,PL22,2014,176,KM
motorways,PL,PL41,2014,211,KM
motorways,PL,PL42,2014,25,KM
motorways,PL,PL43,2014,89,KM
motorways,PL,PL51,2014,222,KM
motorways,PL,PL52,2014,88,KM
motorways,PL,PL61,2014,165,KM
motorways,PL,PL62,2014,0,KM
motorways,PL,PL63,2014,66,KM
motorways,PL,PL71,2014,188,KM
motorways,PL,PL72,2014,0,KM
motorways,PL,PL81,2014,0,KM
motorways,PL,PL82,2014,112,KM
motorways,PL,PL84,2014,0,KM
motorways,PT,PT20,2014,0,KM
motorways,PT,PT30,2014,0,KM
motorways,RO,RO11,2014,52,KM
motorways,RO,RO12,2014,93,KM
motorways,RO,RO21,2014,0,KM
motorways,RO,RO22,2014,74,KM
motorways,RO,RO31,2014,258,KM
motorways,RO,RO32,2014,75,KM
motorways,RO,RO41,2014,0,KM
motorways,RO,RO42,2014,131,KM
motorways,SE,SE11,2014,308,KM
motorways,SE,SE12,2014,590,KM
motorways,SE,SE21,2014,194,KM
motorways,SE,SE22,2014,356,KM
motorways,SE,SE23,2014,543,KM
motorways,SE,SE31,2014,62,KM
motorways,SE,SE32,2014,29,KM
motorways,SE,SE33,2014,6,KM
motorways,SI,SI03,2014,315,KM
motorways,SI,SI04,2014,292,KM
motorways,SK,SK01,2014,112,KM
motorways,SK,SK02,2014,155,KM
motorways,SK,SK03,2014,67,KM
motorways,SK,SK04,2014,87,KM
motorways,TR,TR10,2014,303,KM
motorways,TR,TR21,2014,165,KM
motorways,TR,TR22,2014,,KM
motorways,TR,TR31,2014,221,KM
motorways,TR,TR32,2014,51,KM
motorways,TR,TR33,2014,,KM
motorways,TR,TR41,2014,80,KM
motorways,TR,TR42,2014,330,KM
motorways,TR,TR51,2014,198,KM
motorways,TR,TR52,2014,,KM
motorways,TR,TR61,2014,,KM
motorways,TR,TR62,2014,307,KM
motorways,TR,TR63,2014,194,KM
motorways,TR,TR71,2014,135,KM
motorways,TR,TR72,2014,,KM
motorways,TR,TR81,2014,,KM
motorways,TR,TR82,2014,,KM
motorways,TR,TR83,2014,,KM
motorways,TR,TR90,2014,0,KM
motorways,TR,TRA1,2014,,KM
motorways,TR,TRA2,2014,,KM
motorways,TR,TRB1,2014,,KM
motorways,TR,TRB2,2014,,KM
motorways,TR,TRC1,2014,148,KM
motorways,TR,TRC2,2014,146,KM
motorways,TR,TRC3,2014,,KM
motorways,UK,UKN0,2014,115,KM
motorways,AT,AT11,2015,80,KM
motorways,AT,AT12,2015,350,KM
motorways,AT,AT13,2015,43,KM
motorways,AT,AT21,2015,243,KM
motorways,AT,AT22,2015,308,KM
motorways,AT,AT31,2015,299,KM
motorways,AT,AT32,2015,144,KM
motorways,AT,AT33,2015,189,KM
motorways,AT,AT34,2015,63,KM
motorways,BE,BE10,2015,11,KM
motorways,BE,BE21,2015,220,KM
motorways,BE,BE22,2015,106,KM
motorways,BE,BE23,2015,196,KM
motorways,BE,BE24,2015,175,KM
motorways,BE,BE25,2015,187,KM
motorways,BE,BE31,2015,63,KM
motorways,BE,BE32,2015,284,KM
motorways,BE,BE33,2015,266,KM
motorways,BE,BE34,2015,154,KM
motorways,BE,BE35,2015,103,KM
motorways,BG,BG31,2015,7,KM
motorways,BG,BG32,2015,0,KM
motorways,BG,BG33,2015,95,KM
motorways,BG,BG34,2015,223,KM
motorways,BG,BG41,2015,215,KM
motorways,BG,BG42,2015,194,KM
motorways,CH,CH01,2015,337,KM
motorways,CH,CH02,2015,419,KM
motorways,CH,CH03,2015,139,KM
motorways,CH,CH04,2015,151,KM
motorways,CH,CH05,2015,383,KM
motorways,CH,CH06,2015,259,KM
motorways,CH,CH07,2015,137,KM
motorways,CY,CY00,2015,257,KM
motorways,CZ,CZ01,2015,11,KM
motorways,CZ,CZ02,2015,194,KM
motorways,CZ,CZ03,2015,149,KM
motorways,CZ,CZ04,2015,56,KM
motorways,CZ,CZ05,2015,26,KM
motorways,CZ,CZ06,2015,227,KM
motorways,CZ,CZ07,2015,53,KM
motorways,CZ,CZ08,2015,60,KM
motorways,DE,DE11,2015,,KM
motorways,DE,DE12,2015,,KM
motorways,DE,DE13,2015,,KM
motorways,DE,DE14,2015,,KM
motorways,DE,DE21,2015,,KM
motorways,DE,DE22,2015,,KM
motorways,DE,DE23,2015,,KM
motorways,DE,DE24,2015,,KM
motorways,DE,DE25,2015,,KM
motorways,DE,DE26,2015,,KM
motorways,DE,DE27,2015,,KM
motorways,DE,DE30,2015,77,KM
motorways,DE,DE40,2015,805,KM
motorways,DE,DE50,2015,80,KM
motorways,DE,DE60,2015,81,KM
motorways,DE,DE71,2015,,KM
motorways,DE,DE72,2015,,KM
motorways,DE,DE73,2015,,KM
motorways,DE,DE80,2015,568,KM
motorways,DE,DE91,2015,,KM
motorways,DE,DE92,2015,,KM
motorways,DE,DE93,2015,,KM
motorways,DE,DE94,2015,,KM
motorways,DE,DEA1,2015,,KM
motorways,DE,DEA2,2015,,KM
motorways,DE,DEA3,2015,,KM
motorways,DE,DEA4,2015,,KM
motorways,DE,DEA5,2015,,KM
motorways,DE,DEB1,2015,,KM
motorways,DE,DEB2,2015,,KM
motorways,DE,DEB3,2015,,KM
motorways,DE,DEC0,2015,240,KM
motorways,DE,DED2,2015,,KM
motorways,DE,DED4,2015,,KM
motorways,DE,DED5,2015,,KM
motorways,DE,DEE0,2015,416,KM
motorways,DE,DEF0,2015,538,KM
motorways,DE,DEG0,2015,521,KM
motorways,DK,DK01,2015,164,KM
motorways,DK,DK02,2015,267,KM
motorways,DK,DK03,2015,377,KM
motorways,DK,DK04,2015,242,KM
motorways,DK,DK05,2015,187,KM
motorways,EE,EE00,2015,147,KM
motorways,ES,ES11,2015,1080,KM
motorways,ES,ES12,2015,454,KM
motorways,ES,ES13,2015,255,KM
motorways,ES,ES21,2015,488,KM
motorways,ES,ES22,2015,380,KM
motorways,ES,ES23,2015,181,KM
motorways,ES,ES24,2015,769,KM
motorways,ES,ES30,2015,783,KM
motorways,ES,ES41,2015,2350,KM
motorways,ES,ES42,2015,1812,KM
motorways,ES,ES43,2015,700,KM
motorways,ES,ES51,2015,1448,KM
motorways,ES,ES52,2015,1141,KM
motorways,ES,ES53,2015,94,KM
motorways,ES,ES61,2015,2585,KM
motorways,ES,ES62,2015,572,KM
motorways,ES,ES63,2015,0,KM
motorways,ES,ES64,2015,0,KM
motorways,ES,ES70,2015,246,KM
motorways,FI,FI19,2015,115,KM
motorways,FI,FI1B,2015,322,KM
motorways,FI,FI1C,2015,307,KM
motorways,FI,FI1D,2015,138,KM
motorways,FI,FI20,2015,0,KM
motorways,FR,FR10,2015,613,KM
motorways,FR,FRB0,2015,981,KM
motorways,FR,FRC1,2015,683,KM
motorways,FR,FRC2,2015,218,KM
motorways,FR,FRD1,2015,287,KM
motorways,FR,FRD2,2015,443,KM
motorways,FR,FRE1,2015,627,KM
motorways,FR,FRE2,2015,551,KM
motorways,FR,FRF1,2015,300,KM
motorways,FR,FRF2,2015,515,KM
motorways,FR,FRF3,2015,462,KM
motorways,FR,FRG0,2015,747,KM
motorways,FR,FRH0,2015,50,KM
motorways,FR,FRI1,2015,876,KM
motorways,FR,FRI2,2015,279,KM
motorways,FR,FRI3,2015,300,KM
motorways,FR,FRJ1,2015,568,KM
motorways,FR,FRJ2,2015,653,KM
motorways,FR,FRK1,2015,393,KM
motorways,FR,FRK2,2015,1300,KM
motorways,FR,FRL0,2015,754,KM
motorways,FR,FRM0,2015,0,KM
motorways,FR,FRY1,2015,0,KM
motorways,FR,FRY2,2015,0,KM
motorways,FR,FRY3,2015,0,KM
motorways,FR,FRY4,2015,0,KM
motorways,FR,FRY5,2015,0,KM
motorways,HR,HR03,2015,650,KM
motorways,HR,HR04,2015,660,KM
motorways,HU,HU11,2015,61,KM
motorways,HU,HU12,2015,240,KM
motorways,HU,HU21,2015,261,KM
motorways,HU,HU22,2015,183,KM
motorways,HU,HU23,2015,305,KM
motorways,HU,HU31,2015,174,KM
motorways,HU,HU32,2015,190,KM
motorways,HU,HU33,2015,208,KM
motorways,IE,IE04,2015,83,KM
motorways,IE,IE05,2015,491,KM
motorways,IE,IE06,2015,343,KM
motorways,IT,ITC1,2015,829,KM
motorways,IT,ITC2,2015,114,KM
motorways,IT,ITC3,2015,375,KM
motorways,IT,ITC4,2015,706,KM
motorways,IT,ITF1,2015,355,KM
motorways,IT,ITF2,2015,36,KM
motorways,IT,ITF3,2015,443,KM
motorways,IT,ITF4,2015,313,KM
motorways,IT,ITF5,2015,29,KM
motorways,IT,ITF6,2015,295,KM
motorways,IT,ITG1,2015,678,KM
motorways,IT,ITG2,2015,,KM
motorways,IT,ITH1,2015,212 d,KM
motorways,IT,ITH3,2015,590,KM
motorways,IT,ITH4,2015,210,KM
motorways,IT,ITH5,2015,571,KM
motorways,IT,ITI1,2015,463,KM
motorways,IT,ITI2,2015,59,KM
motorways,IT,ITI3,2015,168,KM
motorways,IT,ITI4,2015,497,KM
motorways,LI,LI00,2015,0,KM
motorways,LT,LT01,2015,,KM
motorways,LT,LT02,2015,,KM
motorways,LU,LU00,2015,161,KM
motorways,LV,LV00,2015,0,KM
motorways,MT,MT00,2015,0,KM
motorways,NL,NL11,2015,110,KM
motorways,NL,NL12,2015,206,KM
motorways,NL,NL13,2015,148,KM
motorways,NL,NL21,2015,150,KM
motorways,NL,NL22,2015,393,KM
motorways,NL,NL23,2015,103,KM
motorways,NL,NL31,2015,176,KM
motorways,NL,NL32,2015,296,KM
motorways,NL,NL33,2015,361,KM
motorways,NL,NL34,2015,71,KM
motorways,NL,NL41,2015,505,KM
motorways,NL,NL42,2015,212,KM
motorways,NO,NO01,2015,181,KM
motorways,NO,NO02,2015,28,KM
motorways,NO,NO03,2015,222,KM
motorways,NO,NO04,2015,63,KM
motorways,NO,NO05,2015,12,KM
motorways,NO,NO06,2015,0,KM
motorways,NO,NO07,2015,0,KM
motorways,PL,PL21,2015,151,KM
motorways,PL,PL22,2015,176,KM
motorways,PL,PL41,2015,211,KM
motorways,PL,PL42,2015,25,KM
motorways,PL,PL43,2015,89,KM
motorways,PL,PL51,2015,222,KM
motorways,PL,PL52,2015,88,KM
motorways,PL,PL61,2015,165,KM
motorways,PL,PL62,2015,0,KM
motorways,PL,PL63,2015,66,KM
motorways,PL,PL71,2015,188,KM
motorways,PL,PL72,2015,0,KM
motorways,PL,PL81,2015,0,KM
motorways,PL,PL82,2015,112,KM
motorways,PL,PL84,2015,0,KM
motorways,PT,PT20,2015,0,KM
motorways,PT,PT30,2015,0,KM
motorways,RO,RO11,2015,52,KM
motorways,RO,RO12,2015,93,KM
motorways,RO,RO21,2015,0,KM
motorways,RO,RO22,2015,74,KM
motorways,RO,RO31,2015,258,KM
motorways,RO,RO32,2015,75,KM
motorways,RO,RO41,2015,0,KM
motorways,RO,RO42,2015,195,KM
motorways,SE,SE11,2015,310,KM
motorways,SE,SE12,2015,589,KM
motorways,SE,SE21,2015,194,KM
motorways,SE,SE22,2015,361,KM
motorways,SE,SE23,2015,568,KM
motorways,SE,SE31,2015,61,KM
motorways,SE,SE32,2015,29,KM
motorways,SE,SE33,2015,6,KM
motorways,SI,SI03,2015,315,KM
motorways,SI,SI04,2015,295,KM
motorways,SK,SK01,2015,110,KM
motorways,SK,SK02,2015,155,KM
motorways,SK,SK03,2015,83,KM
motorways,SK,SK04,2015,116,KM
motorways,TR,TR10,2015,303,KM
motorways,TR,TR21,2015,165,KM
motorways,TR,TR22,2015,,KM
motorways,TR,TR31,2015,225,KM
motorways,TR,TR32,2015,51,KM
motorways,TR,TR33,2015,,KM
motorways,TR,TR41,2015,80,KM
motorways,TR,TR42,2015,330,KM
motorways,TR,TR51,2015,198,KM
motorways,TR,TR52,2015,,KM
motorways,TR,TR61,2015,,KM
motorways,TR,TR62,2015,307,KM
motorways,TR,TR63,2015,194,KM
motorways,TR,TR71,2015,135,KM
motorways,TR,TR72,2015,,KM
motorways,TR,TR81,2015,,KM
motorways,TR,TR82,2015,,KM
motorways,TR,TR83,2015,,KM
motorways,TR,TR90,2015,0,KM
motorways,TR,TRA1,2015,,KM
motorways,TR,TRA2,2015,,KM
motorways,TR,TRB1,2015,,KM
motorways,TR,TRB2,2015,,KM
motorways,TR,TRC1,2015,148,KM
motorways,TR,TRC2,2015,146,KM
motorways,TR,TRC3,2015,,KM
motorways,UK,UKN0,2015,115,KM
motorways,AT,AT11,2016,80,KM
motorways,AT,AT12,2016,350,KM
motorways,AT,AT13,2016,43,KM
motorways,AT,AT21,2016,243,KM
motorways,AT,AT22,2016,308,KM
motorways,AT,AT31,2016,299,KM
motorways,AT,AT32,2016,144,KM
motorways,AT,AT33,2016,189,KM
motorways,AT,AT34,2016,63,KM
motorways,BE,BE10,2016,11,KM
motorways,BE,BE21,2016,220,KM
motorways,BE,BE22,2016,106,KM
motorways,BE,BE23,2016,196,KM
motorways,BE,BE24,2016,175,KM
motorways,BE,BE25,2016,187,KM
motorways,BE,BE31,2016,63,KM
motorways,BE,BE32,2016,284,KM
motorways,BE,BE33,2016,266,KM
motorways,BE,BE34,2016,154,KM
motorways,BE,BE35,2016,103,KM
motorways,BG,BG31,2016,7,KM
motorways,BG,BG32,2016,0,KM
motorways,BG,BG33,2016,95,KM
motorways,BG,BG34,2016,221,KM
motorways,BG,BG41,2016,223,KM
motorways,BG,BG42,2016,194,KM
motorways,CH,CH01,2016,344,KM
motorways,CH,CH02,2016,424,KM
motorways,CH,CH03,2016,139,KM
motorways,CH,CH04,2016,151,KM
motorways,CH,CH05,2016,386,KM
motorways,CH,CH06,2016,259,KM
motorways,CH,CH07,2016,139,KM
motorways,CY,CY00,2016,257,KM
motorways,CZ,CZ01,2016,44,KM
motorways,CZ,CZ02,2016,347,KM
motorways,CZ,CZ03,2016,157,KM
motorways,CZ,CZ04,2016,128,KM
motorways,CZ,CZ05,2016,34,KM
motorways,CZ,CZ06,2016,253,KM
motorways,CZ,CZ07,2016,160,KM
motorways,CZ,CZ08,2016,100,KM
motorways,DE,DE11,2016,,KM
motorways,DE,DE12,2016,,KM
motorways,DE,DE13,2016,,KM
motorways,DE,DE14,2016,,KM
motorways,DE,DE21,2016,,KM
motorways,DE,DE22,2016,,KM
motorways,DE,DE23,2016,,KM
motorways,DE,DE24,2016,,KM
motorways,DE,DE25,2016,,KM
motorways,DE,DE26,2016,,KM
motorways,DE,DE27,2016,,KM
motorways,DE,DE30,2016,77,KM
motorways,DE,DE40,2016,805,KM
motorways,DE,DE50,2016,80,KM
motorways,DE,DE60,2016,81,KM
motorways,DE,DE71,2016,,KM
motorways,DE,DE72,2016,,KM
motorways,DE,DE73,2016,,KM
motorways,DE,DE80,2016,568,KM
motorways,DE,DE91,2016,,KM
motorways,DE,DE92,2016,,KM
motorways,DE,DE93,2016,,KM
motorways,DE,DE94,2016,,KM
motorways,DE,DEA1,2016,,KM
motorways,DE,DEA2,2016,,KM
motorways,DE,DEA3,2016,,KM
motorways,DE,DEA4,2016,,KM
motorways,DE,DEA5,2016,,KM
motorways,DE,DEB1,2016,,KM
motorways,DE,DEB2,2016,,KM
motorways,DE,DEB3,2016,,KM
motorways,DE,DEC0,2016,240,KM
motorways,DE,DED2,2016,,KM
motorways,DE,DED4,2016,,KM
motorways,DE,DED5,2016,,KM
motorways,DE,DEE0,2016,416,KM
motorways,DE,DEF0,2016,544,KM
motorways,DE,DEG0,2016,521,KM
motorways,DK,DK01,2016,164,KM
motorways,DK,DK02,2016,267,KM
motorways,DK,DK03,2016,378,KM
motorways,DK,DK04,2016,259,KM
motorways,DK,DK05,2016,186,KM
motorways,EE,EE00,2016,145,KM
motorways,ES,ES11,2016,1105,KM
motorways,ES,ES12,2016,453,KM
motorways,ES,ES13,2016,255,KM
motorways,ES,ES21,2016,496,KM
motorways,ES,ES22,2016,380,KM
motorways,ES,ES23,2016,181,KM
motorways,ES,ES24,2016,788,KM
motorways,ES,ES30,2016,771,KM
motorways,ES,ES41,2016,2355,KM
motorways,ES,ES42,2016,1815,KM
motorways,ES,ES43,2016,703,KM
motorways,ES,ES51,2016,1456,KM
motorways,ES,ES52,2016,1183,KM
motorways,ES,ES53,2016,94,KM
motorways,ES,ES61,2016,2584,KM
motorways,ES,ES62,2016,573,KM
motorways,ES,ES63,2016,0,KM
motorways,ES,ES64,2016,0,KM
motorways,ES,ES70,2016,253,KM
motorways,FI,FI19,2016,115,KM
motorways,FI,FI1B,2016,322,KM
motorways,FI,FI1C,2016,315,KM
motorways,FI,FI1D,2016,138,KM
motorways,FI,FI20,2016,0,KM
motorways,FR,FR10,2016,613,KM
motorways,FR,FRB0,2016,981,KM
motorways,FR,FRC1,2016,683,KM
motorways,FR,FRC2,2016,218,KM
motorways,FR,FRD1,2016,287,KM
motorways,FR,FRD2,2016,443,KM
motorways,FR,FRE1,2016,626,KM
motorways,FR,FRE2,2016,551,KM
motorways,FR,FRF1,2016,300,KM
motorways,FR,FRF2,2016,515,KM
motorways,FR,FRF3,2016,462,KM
motorways,FR,FRG0,2016,747,KM
motorways,FR,FRH0,2016,50,KM
motorways,FR,FRI1,2016,887,KM
motorways,FR,FRI2,2016,279,KM
motorways,FR,FRI3,2016,300,KM
motorways,FR,FRJ1,2016,568,KM
motorways,FR,FRJ2,2016,653,KM
motorways,FR,FRK1,2016,393,KM
motorways,FR,FRK2,2016,1300,KM
motorways,FR,FRL0,2016,759,KM
motorways,FR,FRM0,2016,0,KM
motorways,FR,FRY1,2016,0,KM
motorways,FR,FRY2,2016,0,KM
motorways,FR,FRY3,2016,0,KM
motorways,FR,FRY4,2016,0,KM
motorways,FR,FRY5,2016,0,KM
motorways,HR,HR03,2016,650,KM
motorways,HR,HR04,2016,660,KM
motorways,HU,HU11,2016,61,KM
motorways,HU,HU12,2016,241,KM
motorways,HU,HU21,2016,261,KM
motorways,HU,HU22,2016,188,KM
motorways,HU,HU23,2016,305,KM
motorways,HU,HU31,2016,174,KM
motorways,HU,HU32,2016,190,KM
motorways,HU,HU33,2016,208,KM
motorways,IE,IE04,2016,83,KM
motorways,IE,IE05,2016,491,KM
motorways,IE,IE06,2016,343,KM
motorways,IT,ITC1,2016,830,KM
motorways,IT,ITC2,2016,114,KM
motorways,IT,ITC3,2016,375,KM
motorways,IT,ITC4,2016,708,KM
motorways,IT,ITF1,2016,355,KM
motorways,IT,ITF2,2016,36,KM
motorways,IT,ITF3,2016,444,KM
motorways,IT,ITF4,2016,313,KM
motorways,IT,ITF5,2016,30,KM
motorways,IT,ITF6,2016,288,KM
motorways,IT,ITG1,2016,681,KM
motorways,IT,ITG2,2016,,KM
motorways,IT,ITH1,2016,212 d,KM
motorways,IT,ITH3,2016,588,KM
motorways,IT,ITH4,2016,210,KM
motorways,IT,ITH5,2016,572,KM
motorways,IT,ITI1,2016,462,KM
motorways,IT,ITI2,2016,59,KM
motorways,IT,ITI3,2016,168,KM
motorways,IT,ITI4,2016,498,KM
motorways,LI,LI00,2016,0,KM
motorways,LT,LT01,2016,,KM
motorways,LT,LT02,2016,,KM
motorways,LU,LU00,2016,161,KM
motorways,LV,LV00,2016,0,KM
motorways,MT,MT00,2016,0,KM
motorways,NL,NL11,2016,110,KM
motorways,NL,NL12,2016,206,KM
motorways,NL,NL13,2016,148,KM
motorways,NL,NL21,2016,155,KM
motorways,NL,NL22,2016,393,KM
motorways,NL,NL23,2016,102,KM
motorways,NL,NL31,2016,176,KM
motorways,NL,NL32,2016,295,KM
motorways,NL,NL33,2016,368,KM
motorways,NL,NL34,2016,87,KM
motorways,NL,NL41,2016,504,KM
motorways,NL,NL42,2016,212,KM
motorways,NO,NO01,2016,181,KM
motorways,NO,NO02,2016,28,KM
motorways,NO,NO03,2016,222,KM
motorways,NO,NO04,2016,63,KM
motorways,NO,NO05,2016,13,KM
motorways,NO,NO06,2016,0,KM
motorways,NO,NO07,2016,0,KM
motorways,PL,PL21,2016,151,KM
motorways,PL,PL22,2016,176,KM
motorways,PL,PL41,2016,211,KM
motorways,PL,PL42,2016,25,KM
motorways,PL,PL43,2016,89,KM
motorways,PL,PL51,2016,222,KM
motorways,PL,PL52,2016,88,KM
motorways,PL,PL61,2016,165,KM
motorways,PL,PL62,2016,0,KM
motorways,PL,PL63,2016,66,KM
motorways,PL,PL71,2016,188,KM
motorways,PL,PL72,2016,0,KM
motorways,PL,PL81,2016,0,KM
motorways,PL,PL82,2016,112,KM
motorways,PL,PL84,2016,0,KM
motorways,PT,PT20,2016,0,KM
motorways,PT,PT30,2016,0,KM
motorways,RO,RO11,2016,52,KM
motorways,RO,RO12,2016,93,KM
motorways,RO,RO21,2016,0,KM
motorways,RO,RO22,2016,74,KM
motorways,RO,RO31,2016,258,KM
motorways,RO,RO32,2016,75,KM
motorways,RO,RO41,2016,0,KM
motorways,RO,RO42,2016,195,KM
motorways,SE,SE11,2016,309,KM
motorways,SE,SE12,2016,589,KM
motorways,SE,SE21,2016,194,KM
motorways,SE,SE22,2016,361,KM
motorways,SE,SE23,2016,568,KM
motorways,SE,SE31,2016,61,KM
motorways,SE,SE32,2016,29,KM
motorways,SE,SE33,2016,6,KM
motorways,SI,SI03,2016,315,KM
motorways,SI,SI04,2016,295,KM
motorways,SK,SK01,2016,110,KM
motorways,SK,SK02,2016,155,KM
motorways,SK,SK03,2016,83,KM
motorways,SK,SK04,2016,116,KM
motorways,TR,TR10,2016,451,KM
motorways,TR,TR21,2016,165,KM
motorways,TR,TR22,2016,,KM
motorways,TR,TR31,2016,247,KM
motorways,TR,TR32,2016,53,KM
motorways,TR,TR33,2016,,KM
motorways,TR,TR41,2016,131,KM
motorways,TR,TR42,2016,367,KM
motorways,TR,TR51,2016,198,KM
motorways,TR,TR52,2016,,KM
motorways,TR,TR61,2016,,KM
motorways,TR,TR62,2016,307,KM
motorways,TR,TR63,2016,194,KM
motorways,TR,TR71,2016,135,KM
motorways,TR,TR72,2016,,KM
motorways,TR,TR81,2016,,KM
motorways,TR,TR82,2016,,KM
motorways,TR,TR83,2016,,KM
motorways,TR,TR90,2016,0,KM
motorways,TR,TRA1,2016,,KM
motorways,TR,TRA2,2016,,KM
motorways,TR,TRB1,2016,,KM
motorways,TR,TRB2,2016,,KM
motorways,TR,TRC1,2016,148,KM
motorways,TR,TRC2,2016,146,KM
motorways,TR,TRC3,2016,,KM
motorways,UK,UKN0,2016,115,KM
motorways,AT,AT11,2017,80,KM
motorways,AT,AT12,2017,375,KM
motorways,AT,AT13,2017,43,KM
motorways,AT,AT21,2017,243,KM
motorways,AT,AT22,2017,308,KM
motorways,AT,AT31,2017,299,KM
motorways,AT,AT32,2017,144,KM
motorways,AT,AT33,2017,189,KM
motorways,AT,AT34,2017,63,KM
motorways,BE,BE10,2017,11,KM
motorways,BE,BE21,2017,220,KM
motorways,BE,BE22,2017,106,KM
motorways,BE,BE23,2017,196,KM
motorways,BE,BE24,2017,175,KM
motorways,BE,BE25,2017,187,KM
motorways,BE,BE31,2017,63,KM
motorways,BE,BE32,2017,284,KM
motorways,BE,BE33,2017,266,KM
motorways,BE,BE34,2017,154,KM
motorways,BE,BE35,2017,103,KM
motorways,BG,BG31,2017,7,KM
motorways,BG,BG32,2017,0,KM
motorways,BG,BG33,2017,95,KM
motorways,BG,BG34,2017,222,KM
motorways,BG,BG41,2017,216,KM
motorways,BG,BG42,2017,194,KM
motorways,CH,CH01,2017,344,KM
motorways,CH,CH02,2017,438,KM
motorways,CH,CH03,2017,139,KM
motorways,CH,CH04,2017,151,KM
motorways,CH,CH05,2017,386,KM
motorways,CH,CH06,2017,259,KM
motorways,CH,CH07,2017,139,KM
motorways,CY,CY00,2017,257,KM
motorways,CZ,CZ01,2017,44,KM
motorways,CZ,CZ02,2017,351,KM
motorways,CZ,CZ03,2017,165,KM
motorways,CZ,CZ04,2017,128,KM
motorways,CZ,CZ05,2017,39,KM
motorways,CZ,CZ06,2017,253,KM
motorways,CZ,CZ07,2017,160,KM
motorways,CZ,CZ08,2017,100,KM
motorways,DE,DE11,2017,,KM
motorways,DE,DE12,2017,,KM
motorways,DE,DE13,2017,,KM
motorways,DE,DE14,2017,,KM
motorways,DE,DE21,2017,,KM
motorways,DE,DE22,2017,,KM
motorways,DE,DE23,2017,,KM
motorways,DE,DE24,2017,,KM
motorways,DE,DE25,2017,,KM
motorways,DE,DE26,2017,,KM
motorways,DE,DE27,2017,,KM
motorways,DE,DE30,2017,77,KM
motorways,DE,DE40,2017,806,KM
motorways,DE,DE50,2017,80,KM
motorways,DE,DE60,2017,81,KM
motorways,DE,DE71,2017,,KM
motorways,DE,DE72,2017,,KM
motorways,DE,DE73,2017,,KM
motorways,DE,DE80,2017,578,KM
motorways,DE,DE91,2017,,KM
motorways,DE,DE92,2017,,KM
motorways,DE,DE93,2017,,KM
motorways,DE,DE94,2017,,KM
motorways,DE,DEA1,2017,,KM
motorways,DE,DEA2,2017,,KM
motorways,DE,DEA3,2017,,KM
motorways,DE,DEA4,2017,,KM
motorways,DE,DEA5,2017,,KM
motorways,DE,DEB1,2017,,KM
motorways,DE,DEB2,2017,,KM
motorways,DE,DEB3,2017,,KM
motorways,DE,DEC0,2017,240,KM
motorways,DE,DED2,2017,,KM
motorways,DE,DED4,2017,,KM
motorways,DE,DED5,2017,,KM
motorways,DE,DEE0,2017,416,KM
motorways,DE,DEF0,2017,545,KM
motorways,DE,DEG0,2017,521,KM
motorways,DK,DK01,2017,167,KM
motorways,DK,DK02,2017,270,KM
motorways,DK,DK03,2017,379,KM
motorways,DK,DK04,2017,306,KM
motorways,DK,DK05,2017,186,KM
motorways,EE,EE00,2017,154,KM
motorways,ES,ES11,2017,1105,KM
motorways,ES,ES12,2017,454,KM
motorways,ES,ES13,2017,255,KM
motorways,ES,ES21,2017,496,KM
motorways,ES,ES22,2017,380,KM
motorways,ES,ES23,2017,181,KM
motorways,ES,ES24,2017,788,KM
motorways,ES,ES30,2017,771,KM
motorways,ES,ES41,2017,2357,KM
motorways,ES,ES42,2017,1815,KM
motorways,ES,ES43,2017,703,KM
motorways,ES,ES51,2017,1461,KM
motorways,ES,ES52,2017,1186,KM
motorways,ES,ES53,2017,94,KM
motorways,ES,ES61,2017,2610,KM
motorways,ES,ES62,2017,596,KM
motorways,ES,ES63,2017,0,KM
motorways,ES,ES64,2017,0,KM
motorways,ES,ES70,2017,271,KM
motorways,FI,FI19,2017,115,KM
motorways,FI,FI1B,2017,322,KM
motorways,FI,FI1C,2017,318,KM
motorways,FI,FI1D,2017,138,KM
motorways,FI,FI20,2017,0,KM
motorways,FR,FR10,2017,614,KM
motorways,FR,FRB0,2017,980,KM
motorways,FR,FRC1,2017,683,KM
motorways,FR,FRC2,2017,218,KM
motorways,FR,FRD1,2017,287,KM
motorways,FR,FRD2,2017,442,KM
motorways,FR,FRE1,2017,626,KM
motorways,FR,FRE2,2017,551,KM
motorways,FR,FRF1,2017,300,KM
motorways,FR,FRF2,2017,522,KM
motorways,FR,FRF3,2017,462,KM
motorways,FR,FRG0,2017,747,KM
motorways,FR,FRH0,2017,50,KM
motorways,FR,FRI1,2017,886,KM
motorways,FR,FRI2,2017,279,KM
motorways,FR,FRI3,2017,300,KM
motorways,FR,FRJ1,2017,568,KM
motorways,FR,FRJ2,2017,652,KM
motorways,FR,FRK1,2017,393,KM
motorways,FR,FRK2,2017,1300,KM
motorways,FR,FRL0,2017,759,KM
motorways,FR,FRM0,2017,0,KM
motorways,FR,FRY1,2017,0,KM
motorways,FR,FRY2,2017,0,KM
motorways,FR,FRY3,2017,0,KM
motorways,FR,FRY4,2017,0,KM
motorways,FR,FRY5,2017,0,KM
motorways,HR,HR03,2017,650,KM
motorways,HR,HR04,2017,660,KM
motorways,HU,HU11,2017,61,KM
motorways,HU,HU12,2017,241,KM
motorways,HU,HU21,2017,261,KM
motorways,HU,HU22,2017,189,KM
motorways,HU,HU23,2017,305,KM
motorways,HU,HU31,2017,174,KM
motorways,HU,HU32,2017,197,KM
motorways,HU,HU33,2017,208,KM
motorways,IE,IE04,2017,83,KM
motorways,IE,IE05,2017,491,KM
motorways,IE,IE06,2017,343,KM
motorways,IT,ITC1,2017,830,KM
motorways,IT,ITC2,2017,114,KM
motorways,IT,ITC3,2017,375,KM
motorways,IT,ITC4,2017,708,KM
motorways,IT,ITF1,2017,355,KM
motorways,IT,ITF2,2017,36,KM
motorways,IT,ITF3,2017,444,KM
motorways,IT,ITF4,2017,313,KM
motorways,IT,ITF5,2017,30,KM
motorways,IT,ITF6,2017,288,KM
motorways,IT,ITG1,2017,681,KM
motorways,IT,ITG2,2017,,KM
motorways,IT,ITH1,2017,212 d,KM
motorways,IT,ITH3,2017,588,KM
motorways,IT,ITH4,2017,210,KM
motorways,IT,ITH5,2017,572,KM
motorways,IT,ITI1,2017,462,KM
motorways,IT,ITI2,2017,59,KM
motorways,IT,ITI3,2017,168,KM
motorways,IT,ITI4,2017,498,KM
motorways,LI,LI00,2017,0,KM
motorways,LT,LT01,2017,90,KM
motorways,LT,LT02,2017,234,KM
motorways,LU,LU00,2017,165,KM
motorways,LV,LV00,2017,0,KM
motorways,MT,MT00,2017,0,KM
motorways,NL,NL11,2017,107,KM
motorways,NL,NL12,2017,206,KM
motorways,NL,NL13,2017,148,KM
motorways,NL,NL21,2017,155,KM
motorways,NL,NL22,2017,393,KM
motorways,NL,NL23,2017,102,KM
motorways,NL,NL31,2017,176,KM
motorways,NL,NL32,2017,297,KM
motorways,NL,NL33,2017,368,KM
motorways,NL,NL34,2017,87,KM
motorways,NL,NL41,2017,504,KM
motorways,NL,NL42,2017,216,KM
motorways,NO,NO01,2017,174,KM
motorways,NO,NO02,2017,37,KM
motorways,NO,NO03,2017,229,KM
motorways,NO,NO04,2017,63,KM
motorways,NO,NO05,2017,20,KM
motorways,NO,NO06,2017,0,KM
motorways,NO,NO07,2017,0,KM
motorways,PL,PL21,2017,151,KM
motorways,PL,PL22,2017,175,KM
motorways,PL,PL41,2017,211,KM
motorways,PL,PL42,2017,25,KM
motorways,PL,PL43,2017,89,KM
motorways,PL,PL51,2017,222,KM
motorways,PL,PL52,2017,88,KM
motorways,PL,PL61,2017,165,KM
motorways,PL,PL62,2017,0,KM
motorways,PL,PL63,2017,66,KM
motorways,PL,PL71,2017,226,KM
motorways,PL,PL72,2017,0,KM
motorways,PL,PL81,2017,0,KM
motorways,PL,PL82,2017,153,KM
motorways,PL,PL84,2017,0,KM
motorways,PT,PT20,2017,0,KM
motorways,PT,PT30,2017,0,KM
motorways,RO,RO11,2017,52,KM
motorways,RO,RO12,2017,93,KM
motorways,RO,RO21,2017,0,KM
motorways,RO,RO22,2017,74,KM
motorways,RO,RO31,2017,258,KM
motorways,RO,RO32,2017,75,KM
motorways,RO,RO41,2017,0,KM
motorways,RO,RO42,2017,211,KM
motorways,SE,SE11,2017,313,KM
motorways,SE,SE12,2017,589,KM
motorways,SE,SE21,2017,197,KM
motorways,SE,SE22,2017,365,KM
motorways,SE,SE23,2017,570,KM
motorways,SE,SE31,2017,63,KM
motorways,SE,SE32,2017,29,KM
motorways,SE,SE33,2017,6,KM
motorways,SI,SI03,2017,322,KM
motorways,SI,SI04,2017,296,KM
motorways,SK,SK01,2017,110,KM
motorways,SK,SK02,2017,155,KM
motorways,SK,SK03,2017,102,KM
motorways,SK,SK04,2017,116,KM
motorways,TR,TR10,2017,451,KM
motorways,TR,TR21,2017,165,KM
motorways,TR,TR22,2017,39,KM
motorways,TR,TR31,2017,258,KM
motorways,TR,TR32,2017,53,KM
motorways,TR,TR33,2017,48,KM
motorways,TR,TR41,2017,148,KM
motorways,TR,TR42,2017,367,KM
motorways,TR,TR51,2017,198,KM
motorways,TR,TR52,2017,,KM
motorways,TR,TR61,2017,,KM
motorways,TR,TR62,2017,307,KM
motorways,TR,TR63,2017,194,KM
motorways,TR,TR71,2017,135,KM
motorways,TR,TR72,2017,,KM
motorways,TR,TR81,2017,,KM
motorways,TR,TR82,2017,,KM
motorways,TR,TR83,2017,,KM
motorways,TR,TR90,2017,0,KM
motorways,TR,TRA1,2017,,KM
motorways,TR,TRA2,2017,,KM
motorways,TR,TRB1,2017,,KM
motorways,TR,TRB2,2017,,KM
motorways,TR,TRC1,2017,148,KM
motorways,TR,TRC2,2017,146,KM
motorways,TR,TRC3,2017,,KM
motorways,UK,UKN0,2017,115,KM
motorways,AT,AT11,2018,80,KM
motorways,AT,AT12,2018,375,KM
motorways,AT,AT13,2018,43,KM
motorways,AT,AT21,2018,243,KM
motorways,AT,AT22,2018,308,KM
motorways,AT,AT31,2018,299,KM
motorways,AT,AT32,2018,144,KM
motorways,AT,AT33,2018,189,KM
motorways,AT,AT34,2018,63,KM
motorways,BE,BE10,2018,11,KM
motorways,BE,BE21,2018,220,KM
motorways,BE,BE22,2018,106,KM
motorways,BE,BE23,2018,196,KM
motorways,BE,BE24,2018,175,KM
motorways,BE,BE25,2018,187,KM
motorways,BE,BE31,2018,63,KM
motorways,BE,BE32,2018,284,KM
motorways,BE,BE33,2018,266,KM
motorways,BE,BE34,2018,154,KM
motorways,BE,BE35,2018,103,KM
motorways,BG,BG31,2018,7,KM
motorways,BG,BG32,2018,0,KM
motorways,BG,BG33,2018,95,KM
motorways,BG,BG34,2018,223,KM
motorways,BG,BG41,2018,240,KM
motorways,BG,BG42,2018,192,KM
motorways,CH,CH01,2018,344,KM
motorways,CH,CH02,2018,438,KM
motorways,CH,CH03,2018,139,KM
motorways,CH,CH04,2018,151,KM
motorways,CH,CH05,2018,386,KM
motorways,CH,CH06,2018,259,KM
motorways,CH,CH07,2018,139,KM
motorways,CY,CY00,2018,257,KM
motorways,CZ,CZ01,2018,44,KM
motorways,CZ,CZ02,2018,351,KM
motorways,CZ,CZ03,2018,172,KM
motorways,CZ,CZ04,2018,132,KM
motorways,CZ,CZ05,2018,39,KM
motorways,CZ,CZ06,2018,253,KM
motorways,CZ,CZ07,2018,160,KM
motorways,CZ,CZ08,2018,100,KM
motorways,DE,DE11,2018,,KM
motorways,DE,DE12,2018,,KM
motorways,DE,DE13,2018,,KM
motorways,DE,DE14,2018,,KM
motorways,DE,DE21,2018,,KM
motorways,DE,DE22,2018,,KM
motorways,DE,DE23,2018,,KM
motorways,DE,DE24,2018,,KM
motorways,DE,DE25,2018,,KM
motorways,DE,DE26,2018,,KM
motorways,DE,DE27,2018,,KM
motorways,DE,DE30,2018,77,KM
motorways,DE,DE40,2018,806,KM
motorways,DE,DE50,2018,80,KM
motorways,DE,DE60,2018,81,KM
motorways,DE,DE71,2018,,KM
motorways,DE,DE72,2018,,KM
motorways,DE,DE73,2018,,KM
motorways,DE,DE80,2018,578,KM
motorways,DE,DE91,2018,,KM
motorways,DE,DE92,2018,,KM
motorways,DE,DE93,2018,,KM
motorways,DE,DE94,2018,,KM
motorways,DE,DEA1,2018,,KM
motorways,DE,DEA2,2018,,KM
motorways,DE,DEA3,2018,,KM
motorways,DE,DEA4,2018,,KM
motorways,DE,DEA5,2018,,KM
motorways,DE,DEB1,2018,,KM
motorways,DE,DEB2,2018,,KM
motorways,DE,DEB3,2018,,KM
motorways,DE,DEC0,2018,240,KM
motorways,DE,DED2,2018,,KM
motorways,DE,DED4,2018,,KM
motorways,DE,DED5,2018,,KM
motorways,DE,DEE0,2018,499,KM
motorways,DE,DEF0,2018,545,KM
motorways,DE,DEG0,2018,521,KM
motorways,DK,DK01,2018,167,KM
motorways,DK,DK02,2018,270,KM
motorways,DK,DK03,2018,379,KM
motorways,DK,DK04,2018,327,KM
motorways,DK,DK05,2018,186,KM
motorways,EE,EE00,2018,154 p,KM
motorways,ES,ES11,2018,1112,KM
motorways,ES,ES12,2018,454,KM
motorways,ES,ES13,2018,255,KM
motorways,ES,ES21,2018,496,KM
motorways,ES,ES22,2018,380,KM
motorways,ES,ES23,2018,181,KM
motorways,ES,ES24,2018,793,KM
motorways,ES,ES30,2018,766,KM
motorways,ES,ES41,2018,2379,KM
motorways,ES,ES42,2018,1817,KM
motorways,ES,ES43,2018,703,KM
motorways,ES,ES51,2018,1465,KM
motorways,ES,ES52,2018,1190,KM
motorways,ES,ES53,2018,94,KM
motorways,ES,ES61,2018,2626,KM
motorways,ES,ES62,2018,596,KM
motorways,ES,ES63,2018,0,KM
motorways,ES,ES64,2018,0,KM
motorways,ES,ES70,2018,276,KM
motorways,FI,FI19,2018,115,KM
motorways,FI,FI1B,2018,322,KM
motorways,FI,FI1C,2018,351,KM
motorways,FI,FI1D,2018,138,KM
motorways,FI,FI20,2018,0,KM
motorways,FR,FR10,2018,613,KM
motorways,FR,FRB0,2018,980,KM
motorways,FR,FRC1,2018,683,KM
motorways,FR,FRC2,2018,218,KM
motorways,FR,FRD1,2018,287,KM
motorways,FR,FRD2,2018,443,KM
motorways,FR,FRE1,2018,626,KM
motorways,FR,FRE2,2018,553,KM
motorways,FR,FRF1,2018,300,KM
motorways,FR,FRF2,2018,542,KM
motorways,FR,FRF3,2018,462,KM
motorways,FR,FRG0,2018,747,KM
motorways,FR,FRH0,2018,50,KM
motorways,FR,FRI1,2018,885,KM
motorways,FR,FRI2,2018,279,KM
motorways,FR,FRI3,2018,300,KM
motorways,FR,FRJ1,2018,589,KM
motorways,FR,FRJ2,2018,653,KM
motorways,FR,FRK1,2018,393,KM
motorways,FR,FRK2,2018,1305,KM
motorways,FR,FRL0,2018,762,KM
motorways,FR,FRM0,2018,0,KM
motorways,FR,FRY1,2018,0,KM
motorways,FR,FRY2,2018,0,KM
motorways,FR,FRY3,2018,0,KM
motorways,FR,FRY4,2018,0,KM
motorways,FR,FRY5,2018,0,KM
motorways,HR,HR03,2018,650,KM
motorways,HR,HR04,2018,660,KM
motorways,HU,HU11,2018,61,KM
motorways,HU,HU12,2018,243,KM
motorways,HU,HU21,2018,261,KM
motorways,HU,HU22,2018,189,KM
motorways,HU,HU23,2018,305,KM
motorways,HU,HU31,2018,176,KM
motorways,HU,HU32,2018,226,KM
motorways,HU,HU33,2018,209,KM
motorways,IE,IE04,2018,83,KM
motorways,IE,IE05,2018,491,KM
motorways,IE,IE06,2018,343,KM
motorways,IT,ITC1,2018,825,KM
motorways,IT,ITC2,2018,110,KM
motorways,IT,ITC3,2018,370,KM
motorways,IT,ITC4,2018,703,KM
motorways,IT,ITF1,2018,355,KM
motorways,IT,ITF2,2018,36,KM
motorways,IT,ITF3,2018,444,KM
motorways,IT,ITF4,2018,313,KM
motorways,IT,ITF5,2018,30,KM
motorways,IT,ITF6,2018,288,KM
motorways,IT,ITG1,2018,681,KM
motorways,IT,ITG2,2018,,KM
motorways,IT,ITH1,2018,207 d,KM
motorways,IT,ITH3,2018,583,KM
motorways,IT,ITH4,2018,244,KM
motorways,IT,ITH5,2018,567,KM
motorways,IT,ITI1,2018,462,KM
motorways,IT,ITI2,2018,59,KM
motorways,IT,ITI3,2018,168,KM
motorways,IT,ITI4,2018,498,KM
motorways,LI,LI00,2018,0,KM
motorways,LT,LT01,2018,90,KM
motorways,LT,LT02,2018,234,KM
motorways,LU,LU00,2018,165,KM
motorways,LV,LV00,2018,0,KM
motorways,MT,MT00,2018,0,KM
motorways,NL,NL11,2018,107,KM
motorways,NL,NL12,2018,207,KM
motorways,NL,NL13,2018,148,KM
motorways,NL,NL21,2018,155,KM
motorways,NL,NL22,2018,394,KM
motorways,NL,NL23,2018,103,KM
motorways,NL,NL31,2018,176,KM
motorways,NL,NL32,2018,298,KM
motorways,NL,NL33,2018,367,KM
motorways,NL,NL34,2018,86,KM
motorways,NL,NL41,2018,504,KM
motorways,NL,NL42,2018,212,KM
motorways,NO,NO01,2018,,KM
motorways,NO,NO02,2018,,KM
motorways,NO,NO03,2018,,KM
motorways,NO,NO04,2018,,KM
motorways,NO,NO05,2018,,KM
motorways,NO,NO06,2018,,KM
motorways,NO,NO07,2018,,KM
motorways,PL,PL21,2018,151,KM
motorways,PL,PL22,2018,175,KM
motorways,PL,PL41,2018,211,KM
motorways,PL,PL42,2018,25,KM
motorways,PL,PL43,2018,89,KM
motorways,PL,PL51,2018,222,KM
motorways,PL,PL52,2018,88,KM
motorways,PL,PL61,2018,165,KM
motorways,PL,PL62,2018,0,KM
motorways,PL,PL63,2018,66,KM
motorways,PL,PL71,2018,226,KM
motorways,PL,PL72,2018,0,KM
motorways,PL,PL81,2018,0,KM
motorways,PL,PL82,2018,153,KM
motorways,PL,PL84,2018,0,KM
motorways,PT,PT20,2018,0,KM
motorways,PT,PT30,2018,0,KM
motorways,RO,RO11,2018,68,KM
motorways,RO,RO12,2018,129,KM
motorways,RO,RO21,2018,0,KM
motorways,RO,RO22,2018,74,KM
motorways,RO,RO31,2018,258,KM
motorways,RO,RO32,2018,83,KM
motorways,RO,RO41,2018,0,KM
motorways,RO,RO42,2018,211,KM
motorways,SE,SE11,2018,313,KM
motorways,SE,SE12,2018,589,KM
motorways,SE,SE21,2018,197,KM
motorways,SE,SE22,2018,365,KM
motorways,SE,SE23,2018,570,KM
motorways,SE,SE31,2018,63,KM
motorways,SE,SE32,2018,29,KM
motorways,SE,SE33,2018,6,KM
motorways,SI,SI03,2018,295,KM
motorways,SI,SI04,2018,328,KM
motorways,SK,SK01,2018,110,KM
motorways,SK,SK02,2018,155,KM
motorways,SK,SK03,2018,102,KM
motorways,SK,SK04,2018,116,KM
motorways,TR,TR10,2018,513,KM
motorways,TR,TR21,2018,165,KM
motorways,TR,TR22,2018,70,KM
motorways,TR,TR31,2018,258,KM
motorways,TR,TR32,2018,53,KM
motorways,TR,TR33,2018,100,KM
motorways,TR,TR41,2018,148,KM
motorways,TR,TR42,2018,405,KM
motorways,TR,TR51,2018,200,KM
motorways,TR,TR52,2018,,KM
motorways,TR,TR61,2018,,KM
motorways,TR,TR62,2018,307,KM
motorways,TR,TR63,2018,194,KM
motorways,TR,TR71,2018,135,KM
motorways,TR,TR72,2018,,KM
motorways,TR,TR81,2018,,KM
motorways,TR,TR82,2018,,KM
motorways,TR,TR83,2018,,KM
motorways,TR,TR90,2018,0,KM
motorways,TR,TRA1,2018,,KM
motorways,TR,TRA2,2018,,KM
motorways,TR,TRB1,2018,,KM
motorways,TR,TRB2,2018,,KM
motorways,TR,TRC1,2018,148,KM
motorways,TR,TRC2,2018,146,KM
motorways,TR,TRC3,2018,,KM
motorways,UK,UKN0,2018,115,KM
